year,month,day,weekday,ws_1,prcp_1,snwd_1,temp_2,temp_1,average,actual,friend
2011,1,1,Sat,4.92,0,0,36,37,45.6,40,40
2011,1,2,Sun,5.37,0,0,37,40,45.7,39,50
2011,1,3,Mon,6.26,0,0,40,39,45.8,42,42
2011,1,4,Tues,5.59,0,0,39,42,45.9,38,59
2011,1,5,Wed,3.8,0.03,0,42,38,46,45,39
2011,1,6,Thurs,4.92,0.12,0,38,45,46.1,49,52
2011,1,7,Fri,8.72,0.17,0,45,49,46.2,48,62
2011,1,8,Sat,10.96,0.37,0,49,48,46.3,40,65
2011,1,9,Sun,5.82,0.03,0,48,40,46.4,39,53
2011,1,10,Mon,5.59,0.02,0,40,39,46.5,38,40
2011,1,11,Tues,8.72,0,0,39,38,46.7,39,59
2011,1,12,Wed,11.18,0.3,0,38,39,46.8,47,47
2011,1,13,Thurs,10.29,0.81,0,39,47,46.9,53,59
2011,1,14,Fri,11.86,0.82,0,47,53,47,54,39
2011,1,15,Sat,13.42,0.29,0,53,54,47.1,52,38
2011,1,16,Sun,8.05,0.45,0,54,52,47.3,55,45
2011,1,17,Mon,17,0.27,0,52,55,47.4,50,49
2011,1,18,Tues,15.88,0.04,0,55,50,47.5,42,43
2011,1,19,Wed,7.83,0.08,0,50,42,47.6,45,60
2011,1,20,Thurs,3.13,0,0,42,45,47.7,44,52
2011,1,21,Fri,6.93,0.05,0,45,44,47.8,49,64
2011,1,22,Sat,11.63,0.51,0,44,49,47.9,49,32
2011,1,23,Sun,4.47,0,0,49,49,48,46,40
2011,1,24,Mon,3.58,0.04,0,49,46,48.1,48,48
2011,1,25,Tues,7.16,0.21,0,46,48,48.2,50,41
2011,1,26,Wed,5.37,0,0,48,50,48.3,54,31
2011,1,27,Thurs,2.01,0,0,50,54,48.4,50,34
2011,1,28,Fri,2.24,0,0,54,50,48.4,52,29
2011,1,29,Sat,9.17,0.14,0,50,52,48.5,48,34
2011,1,30,Sun,7.61,0.24,0,52,48,48.6,44,35
2011,1,31,Mon,10.74,0,0,48,44,48.7,44,53
2011,2,1,Tues,8.28,0,0,44,44,48.8,46,59
2011,2,2,Wed,7.16,0,0,44,46,48.8,51,36
2011,2,3,Thurs,2.91,0,0,46,51,48.9,49,38
2011,2,4,Fri,10.51,0.01,0,51,49,49,50,36
2011,2,5,Sat,14.76,0.07,0,49,50,49.1,47,38
2011,2,6,Sun,3.36,0.08,0,50,47,49.1,50,63
2011,2,7,Mon,12.08,0.25,0,47,50,49.2,48,58
2011,2,8,Tues,6.71,0.05,0,50,48,49.3,46,48
2011,2,9,Wed,5.82,0,0,48,46,49.4,45,66
2011,2,10,Thurs,3.13,0,0,46,45,49.4,47,58
2011,2,11,Fri,2.91,0,0,45,47,49.5,47,69
2011,2,12,Sat,3.8,0,0,47,47,49.6,54,48
2011,2,13,Sun,14.54,0.37,0,47,54,49.7,52,61
2011,2,14,Mon,7.38,0.24,0,54,52,49.8,50,32
2011,2,15,Tues,9.84,0.54,0,52,50,49.9,46,39
2011,2,16,Wed,7.61,0.09,0,50,46,49.9,44,38
2011,2,17,Thurs,10.07,0.04,0,46,44,50,44,41
2011,2,18,Fri,7.61,0.11,0,44,44,50.1,49,60
2011,2,19,Sat,6.04,0,0,44,49,50.2,43,32
2011,2,20,Sun,14.32,0,0,49,43,50.4,45,42
2011,2,21,Mon,5.37,0,0,43,45,50.5,45,46
2011,2,22,Tues,7.38,0.03,0,45,45,50.6,44,70
2011,2,23,Wed,7.83,0.04,0,45,44,50.7,37,71
2011,2,24,Thurs,12.08,0.24,0,44,37,50.8,35,58
2011,2,25,Fri,9.84,0,3,37,35,50.9,31,57
2011,2,26,Sat,10.29,0,1,35,31,51.1,34,45
2011,2,27,Sun,9.62,0,0,31,34,51.2,42,59
2011,2,28,Mon,18.57,0.47,0,34,42,51.3,40,49
2011,3,1,Tues,12.3,0.42,0,42,40,51.5,44,45
2011,3,2,Wed,6.93,0.24,0,40,44,51.6,50,51
2011,3,3,Thurs,12.3,0.07,0,44,50,51.8,48,46
2011,3,4,Fri,10.96,0.22,0,50,48,51.9,49,52
2011,3,5,Sat,10.07,0.12,0,48,49,52.1,50,67
2011,3,6,Sun,6.93,0.02,0,49,50,52.2,47,52
2011,3,7,Mon,5.82,0,0,50,47,52.4,48,46
2011,3,8,Tues,4.03,0,0,47,48,52.5,52,42
2011,3,9,Wed,10.07,0.16,0,48,52,52.7,52,50
2011,3,10,Thurs,11.63,1.47,0,52,52,52.8,53,41
2011,3,11,Fri,20.8,0.55,0,52,53,53,53,58
2011,3,12,Sat,10.74,0,0,53,53,53.1,48,41
2011,3,13,Sun,5.82,0.41,0,53,48,53.3,53,33
2011,3,14,Mon,12.3,0.33,0,48,53,53.4,53,36
2011,3,15,Tues,12.97,0.12,0,53,53,53.6,55,35
2011,3,16,Wed,11.63,0.37,0,53,55,53.7,48,65
2011,3,17,Thurs,12.97,0.09,0,55,48,53.9,51,74
2011,3,18,Fri,5.37,0,0,48,51,54,50,50
2011,3,19,Sat,8.95,0.27,0,51,50,54.2,54,58
2011,3,20,Sun,4.47,0,0,50,54,54.3,50,66
2011,3,21,Mon,13.87,0.01,0,54,50,54.5,50,45
2011,3,22,Tues,8.72,0.01,0,50,50,54.6,51,71
2011,3,23,Wed,6.93,0,0,50,51,54.7,62,72
2011,3,24,Thurs,11.86,0,0,51,62,54.9,61,59
2011,3,25,Fri,8.72,0.23,0,62,61,55,55,72
2011,3,26,Sat,8.05,0.33,0,61,55,55.2,50,39
2011,3,27,Sun,5.82,0.15,0,55,50,55.3,51,51
2011,3,28,Mon,7.61,0.28,0,50,51,55.5,51,56
2011,3,29,Tues,9.62,0.14,0,51,51,55.6,49,50
2011,3,30,Wed,8.5,0.12,0,51,49,55.7,51,54
2011,3,31,Thurs,15.43,0.26,0,49,51,55.9,54,38
2011,4,1,Fri,14.54,0.32,0,51,54,56,48,58
2011,4,2,Sat,5.82,1.13,0,54,48,56.2,48,47
2011,4,3,Sun,8.72,0.37,0,48,48,56.3,49,47
2011,4,4,Mon,7.38,0.06,0,48,49,56.5,47,43
2011,4,5,Tues,10.29,0.24,0,49,47,56.6,46,54
2011,4,6,Wed,15.88,0.23,0,47,46,56.8,48,60
2011,4,7,Thurs,11.86,0.12,0,46,48,56.9,49,57
2011,4,8,Fri,4.92,0.08,0,48,49,57.1,54,43
2011,4,9,Sat,3.13,0,0,49,54,57.2,55,41
2011,4,10,Sun,8.5,0.01,0,54,55,57.4,55,45
2011,4,11,Mon,11.86,0.16,0,55,55,57.6,51,70
2011,4,12,Tues,13.42,0,0,55,51,57.7,53,60
2011,4,13,Wed,4.47,0,0,51,53,57.9,48,43
2011,4,14,Thurs,9.4,0.17,0,53,48,58.1,47,47
2011,4,15,Fri,10.51,0.4,0,48,47,58.3,53,46
2011,4,16,Sat,3.8,0.09,0,47,53,58.5,53,56
2011,4,17,Sun,10.51,0.06,0,53,53,58.6,52,46
2011,4,18,Mon,5.82,0.01,0,53,52,58.8,51,57
2011,4,19,Tues,5.82,0.01,0,52,51,59,53,71
2011,4,20,Wed,6.04,0,0,51,53,59.2,54,46
2011,4,21,Thurs,9.62,0,0,53,54,59.4,53,73
2011,4,22,Fri,8.05,0,0,54,53,59.7,57,41
2011,4,23,Sat,7.38,0,0,53,57,59.9,66,75
2011,4,24,Sun,5.82,0,0,57,66,60.1,55,49
2011,4,25,Mon,8.72,0.18,0,66,55,60.3,52,64
2011,4,26,Tues,10.51,0.52,0,55,52,60.5,57,72
2011,4,27,Wed,9.4,0.01,0,52,57,60.7,52,53
2011,4,28,Thurs,12.53,0.45,0,57,52,61,51,59
2011,4,29,Fri,12.08,0.04,0,52,51,61.2,54,48
2011,4,30,Sat,4.92,0,0,51,54,61.4,56,57
2011,5,1,Sun,5.14,0.13,0,54,56,61.6,62,51
2011,5,2,Mon,3.58,0,0,56,62,61.9,53,79
2011,5,3,Tues,9.62,0.18,0,62,53,62.1,58,52
2011,5,4,Wed,8.72,0,0,53,58,62.3,62,82
2011,5,5,Thurs,6.93,0,0,58,62,62.5,57,55
2011,5,6,Fri,8.5,0.03,0,62,57,62.8,54,52
2011,5,7,Sat,8.5,0.13,0,57,54,63,56,75
2011,5,8,Sun,9.17,0.04,0,54,56,63.2,58,66
2011,5,9,Mon,4.92,0.02,0,56,58,63.4,57,53
2011,5,10,Tues,3.36,0,0,58,57,63.6,59,48
2011,5,11,Wed,5.59,0,0,57,59,63.8,51,47
2011,5,12,Thurs,7.83,0.42,0,59,51,64.1,60,74
2011,5,13,Fri,5.59,0,0,51,60,64.3,64,45
2011,5,14,Sat,10.51,0,0,60,64,64.5,66,57
2011,5,15,Sun,8.5,0.97,0,64,66,64.7,51,58
2011,5,16,Mon,9.62,0.81,0,66,51,64.8,56,71
2011,5,17,Tues,12.08,0,0,51,56,65,64,56
2011,5,18,Wed,7.38,0,0,56,64,65.2,66,47
2011,5,19,Thurs,9.62,0,0,64,66,65.4,68,62
2011,5,20,Fri,5.37,0,0,66,68,65.6,70,56
2011,5,21,Sat,4.25,0,0,68,70,65.7,54,75
2011,5,22,Sun,3.58,0.04,0,70,54,65.9,60,85
2011,5,23,Mon,6.71,0,0,54,60,66.1,63,59
2011,5,24,Tues,2.68,0,0,60,63,66.2,65,81
2011,5,25,Wed,6.71,0,0,63,65,66.4,56,76
2011,5,26,Thurs,7.16,0.41,0,65,56,66.5,61,86
2011,5,27,Fri,10.51,0.01,0,56,61,66.7,58,77
2011,5,28,Sat,10.51,0.02,0,61,58,66.8,62,56
2011,5,29,Sun,7.16,0.01,0,58,62,67,59,67
2011,5,30,Mon,6.71,0,0,62,59,67.1,61,75
2011,5,31,Tues,6.71,0,0,59,61,67.3,61,74
2011,6,1,Wed,5.82,0.11,0,61,61,67.4,59,53
2011,6,2,Thurs,5.82,0.17,0,61,59,67.6,61,59
2011,6,3,Fri,10.74,0.08,0,59,61,67.7,68,74
2011,6,4,Sat,8.72,0,0,61,68,67.9,78,60
2011,6,5,Sun,9.62,0,0,68,78,68,71,86
2011,6,6,Mon,3.8,0,0,78,71,68.2,72,49
2011,6,7,Tues,8.28,0,0,71,72,68.3,64,72
2011,6,8,Wed,12.97,0.21,0,72,64,68.5,62,88
2011,6,9,Thurs,7.38,0,0,64,62,68.6,69,54
2011,6,10,Fri,4.7,0,0,62,69,68.8,65,61
2011,6,11,Sat,5.59,0,0,69,65,69,66,60
2011,6,12,Sun,3.58,0,0,65,66,69.1,70,71
2011,6,13,Mon,5.59,0.01,0,66,70,69.3,68,64
2011,6,14,Tues,12.08,0.11,0,70,68,69.5,63,85
2011,6,15,Wed,8.5,0,0,68,63,69.7,65,74
2011,6,16,Thurs,4.7,0.06,0,63,65,69.8,70,74
2011,6,17,Fri,5.59,0,0,65,70,70,71,54
2011,6,18,Sat,3.36,0,0,70,71,70.2,58,62
2011,6,19,Sun,5.82,0.41,0,71,58,70.4,63,84
2011,6,20,Mon,6.93,0.03,0,58,63,70.6,70,76
2011,6,21,Tues,3.13,0,0,63,70,70.8,78,77
2011,6,22,Wed,3.58,0,0,70,78,71,67,81
2011,6,23,Thurs,6.93,0,0,78,67,71.3,66,82
2011,6,24,Fri,8.05,0.07,0,67,66,71.5,67,88
2011,6,25,Sat,5.37,0.26,0,66,67,71.7,68,62
2011,6,26,Sun,6.04,0.01,0,67,68,71.9,72,53
2011,6,27,Mon,5.14,0,0,68,72,72.2,69,91
2011,6,28,Tues,2.24,0,0,72,69,72.4,74,66
2011,6,29,Wed,6.93,0,0,69,74,72.6,67,86
2011,6,30,Thurs,14.76,0,0,74,67,72.8,67,92
2011,7,1,Fri,10.07,0,0,67,67,73.1,72,72
2011,7,2,Sat,5.82,0,0,67,72,73.3,82,91
2011,7,3,Sun,6.26,0,0,72,82,73.5,72,85
2011,7,4,Mon,9.84,0,0,82,72,73.8,78,78
2011,7,5,Tues,8.28,0,0,72,78,74,81,55
2011,7,6,Wed,9.4,0,0,78,81,74.2,84,62
2011,7,7,Thurs,7.83,0,0,81,84,74.4,67,65
2011,7,8,Fri,9.62,0.03,0,84,67,74.6,71,75
2011,7,9,Sat,8.95,0,0,67,71,74.9,74,58
2011,7,10,Sun,8.05,0,0,71,74,75.1,76,87
2011,7,11,Mon,5.14,0,0,74,76,75.3,75,88
2011,7,12,Tues,5.37,0,0,76,75,75.4,70,57
2011,7,13,Wed,4.92,0.08,0,75,70,75.6,73,83
2011,7,14,Thurs,8.28,0,0,70,73,75.8,62,63
2011,7,15,Fri,6.93,0.02,0,73,62,76,76,60
2011,7,16,Sat,4.47,0.02,0,62,76,76.1,74,62
2011,7,17,Sun,5.59,0.35,0,76,74,76.3,63,86
2011,7,18,Mon,4.25,0.07,0,74,63,76.4,74,74
2011,7,19,Tues,5.14,0,0,63,74,76.6,70,82
2011,7,20,Wed,9.17,0,0,74,70,76.7,74,80
2011,7,21,Thurs,8.28,0,0,70,74,76.8,70,60
2011,7,22,Fri,12.53,0,0,74,70,76.9,72,59
2011,7,23,Sat,6.49,0,0,70,72,77,79,73
2011,7,24,Sun,9.62,0,0,72,79,77.1,83,82
2011,7,25,Mon,7.38,0,0,79,83,77.1,63,95
2011,7,26,Tues,6.04,0.13,0,83,63,77.2,70,85
2011,7,27,Wed,7.61,0,0,63,70,77.3,72,67
2011,7,28,Thurs,6.93,0,0,70,72,77.3,78,63
2011,7,29,Fri,8.5,0,0,72,78,77.3,76,86
2011,7,30,Sat,9.62,0,0,78,76,77.3,79,71
2011,7,31,Sun,7.38,0,0,76,79,77.4,71,89
2011,8,1,Mon,9.4,0,0,79,71,77.4,77,85
2011,8,2,Tues,7.61,0,0,71,77,77.4,77,81
2011,8,3,Wed,4.25,0,0,77,77,77.3,79,68
2011,8,4,Thurs,5.14,0,0,77,79,77.3,81,91
2011,8,5,Fri,6.71,0,0,79,81,77.3,66,77
2011,8,6,Sat,4.92,0,0,81,66,77.2,73,78
2011,8,7,Sun,3.13,0,0,66,73,77.2,74,78
2011,8,8,Mon,3.8,0,0,73,74,77.1,70,85
2011,8,9,Tues,6.71,0,0,74,70,77.1,70,84
2011,8,10,Wed,5.82,0,0,70,70,77,71,92
2011,8,11,Thurs,4.92,0,0,70,71,76.9,74,65
2011,8,12,Fri,3.58,0,0,71,74,76.9,76,74
2011,8,13,Sat,4.03,0,0,74,76,76.8,70,60
2011,8,14,Sun,5.82,0,0,76,70,76.7,71,94
2011,8,15,Mon,6.04,0,0,70,71,76.6,74,94
2011,8,16,Tues,5.37,0,0,71,74,76.5,78,60
2011,8,17,Wed,8.5,0,0,74,78,76.4,77,69
2011,8,18,Thurs,6.26,0,0,78,77,76.3,73,81
2011,8,19,Fri,6.49,0,0,77,73,76.2,78,63
2011,8,20,Sat,9.17,0,0,73,78,76.1,85,72
2011,8,21,Sun,6.04,0,0,78,85,75.9,87,62
2011,8,22,Mon,4.92,0,0,85,87,75.8,71,90
2011,8,23,Tues,9.62,0.12,0,87,71,75.7,77,59
2011,8,24,Wed,5.14,0,0,71,77,75.5,84,89
2011,8,25,Thurs,5.82,0,0,77,84,75.4,82,74
2011,8,26,Fri,6.26,0,0,84,82,75.3,84,67
2011,8,27,Sat,6.71,0,0,82,84,75.1,84,65
2011,8,28,Sun,6.49,0,0,84,84,75,80,66
2011,8,29,Mon,4.92,0,0,84,80,74.8,70,84
2011,8,30,Tues,6.93,0,0,80,70,74.6,69,90
2011,8,31,Wed,4.92,0.01,0,70,69,74.4,69,57
2011,9,1,Thurs,4.92,0,0,69,69,74.3,73,57
2011,9,2,Fri,6.04,0,0,69,73,74.1,71,92
2011,9,3,Sat,6.93,0,0,73,71,73.9,82,80
2011,9,4,Sun,10.96,0,0,71,82,73.7,83,63
2011,9,5,Mon,3.8,0,0,82,83,73.5,82,84
2011,9,6,Tues,3.8,0,0,83,82,73.3,84,63
2011,9,7,Wed,5.37,0,0,82,84,73,83,67
2011,9,8,Thurs,7.61,0,0,84,83,72.8,85,60
2011,9,9,Fri,2.91,0,0,83,85,72.6,85,67
2011,9,10,Sat,4.92,0,0,85,85,72.3,84,61
2011,9,11,Sun,6.26,0,0,85,84,72.1,85,81
2011,9,12,Mon,5.14,0,0,84,85,71.8,68,89
2011,9,13,Tues,6.93,0,0,85,68,71.5,64,62
2011,9,14,Wed,3.8,0,0,68,64,71.2,67,71
2011,9,15,Thurs,2.68,0,0,64,67,71,65,58
2011,9,16,Fri,8.28,0,0,67,65,70.7,64,54
2011,9,17,Sat,4.25,0,0,65,64,70.3,62,65
2011,9,18,Sun,8.5,0.2,0,64,62,70,65,60
2011,9,19,Mon,5.82,0.28,0,62,65,69.7,69,82
2011,9,20,Tues,7.16,0.01,0,65,69,69.4,77,68
2011,9,21,Wed,3.36,0,0,69,77,69,76,84
2011,9,22,Thurs,5.59,0,0,77,76,68.7,76,66
2011,9,23,Fri,5.82,0,0,76,76,68.3,80,62
2011,9,24,Sat,6.49,0,0,76,80,68,75,87
2011,9,25,Sun,5.14,0,0,80,75,67.6,67,82
2011,9,26,Mon,11.41,0.19,0,75,67,67.2,61,59
2011,9,27,Tues,9.62,0.59,0,67,61,66.8,65,81
2011,9,28,Wed,9.17,0.01,0,61,65,66.5,65,74
2011,9,29,Thurs,10.51,0,0,65,65,66.1,77,82
2011,9,30,Fri,4.25,0,0,65,77,65.7,65,80
2011,10,1,Sat,6.93,0.01,0,77,65,65.3,59,78
2011,10,2,Sun,3.8,0.02,0,65,59,64.9,64,80
2011,10,3,Mon,4.47,0.37,0,59,64,64.5,62,60
2011,10,4,Tues,6.04,0.1,0,64,62,64.1,63,70
2011,10,5,Wed,6.26,0.05,0,62,63,63.7,55,74
2011,10,6,Thurs,3.8,0.09,0,63,55,63.3,58,53
2011,10,7,Fri,3.58,0.11,0,55,58,62.9,55,81
2011,10,8,Sat,5.37,0.06,0,58,55,62.5,65,79
2011,10,9,Sun,4.92,0.02,0,55,65,62.1,60,77
2011,10,10,Mon,4.7,0.1,0,65,60,61.8,59,67
2011,10,11,Tues,6.71,0.25,0,60,59,61.4,59,72
2011,10,12,Wed,13.42,0.89,0,59,59,61,59,41
2011,10,13,Thurs,8.95,0,0,59,59,60.6,59,46
2011,10,14,Fri,7.61,0,0,59,59,60.2,58,59
2011,10,15,Sat,8.05,0.01,0,59,58,59.9,57,66
2011,10,16,Sun,6.71,0,0,58,57,59.5,50,45
2011,10,17,Mon,3.58,0,0,57,50,59.1,61,76
2011,10,18,Tues,5.82,0,0,50,61,58.8,67,54
2011,10,19,Wed,7.61,0,0,61,67,58.4,59,75
2011,10,20,Thurs,7.16,0,0,67,59,58.1,59,60
2011,10,21,Fri,4.47,0,0,59,59,57.8,58,70
2011,10,22,Sat,8.95,0.12,0,59,58,57.4,60,66
2011,10,23,Sun,10.29,0.58,0,58,60,57.1,57,59
2011,10,24,Mon,3.8,0,0,60,57,56.8,57,59
2011,10,25,Tues,3.8,0,0,57,57,56.5,54,74
2011,10,26,Wed,4.92,0,0,57,54,56.2,50,53
2011,10,27,Thurs,5.82,0.02,0,54,50,55.9,54,47
2011,10,28,Fri,5.82,0,0,50,54,55.6,54,70
2011,10,29,Sat,6.71,0.5,0,54,54,55.3,56,53
2011,10,30,Sun,4.7,0,0,54,56,55,57,51
2011,10,31,Mon,9.17,0.16,0,56,57,54.8,53,47
2011,11,1,Tues,5.14,0,0,57,53,54.5,52,48
2011,11,2,Wed,2.24,0,0,53,52,54.2,52,45
2011,11,3,Thurs,7.83,0.35,0,52,52,53.9,52,62
2011,11,4,Fri,6.93,0,0,52,52,53.7,44,40
2011,11,5,Sat,5.82,0.05,0,52,44,53.4,50,66
2011,11,6,Sun,5.14,0,0,44,50,53.2,49,43
2011,11,7,Mon,3.36,0,0,50,49,52.9,49,45
2011,11,8,Tues,7.83,0.01,0,49,49,52.7,55,66
2011,11,9,Wed,4.47,0,0,49,55,52.4,62,42
2011,11,10,Thurs,8.05,0,0,55,62,52.2,59,71
2011,11,11,Fri,5.82,0,0,62,59,51.9,51,45
2011,11,12,Sat,9.4,0.23,0,59,51,51.7,49,56
2011,11,13,Sun,10.51,0.25,0,51,49,51.4,49,62
2011,11,14,Mon,14.99,0.02,0,49,49,51.2,47,43
2011,11,15,Tues,8.72,0,0,49,47,51,48,49
2011,11,16,Wed,5.14,0,0,47,48,50.7,52,40
2011,11,17,Thurs,10.51,0.49,0,48,52,50.5,48,66
2011,11,18,Fri,14.99,0.28,0,52,48,50.3,39,50
2011,11,19,Sat,5.37,0.08,0,48,39,50,41,38
2011,11,20,Sun,6.04,0,0,39,41,49.8,39,51
2011,11,21,Mon,3.36,0,0,41,39,49.5,50,48
2011,11,22,Tues,11.63,0.3,0,39,50,49.3,52,37
2011,11,23,Wed,14.54,1.76,0,50,52,49.1,53,58
2011,11,24,Thurs,10.51,0.55,0,52,53,48.9,45,37
2011,11,25,Fri,12.75,0.26,0,53,45,48.6,48,54
2011,11,26,Sat,7.16,0,0,45,48,48.4,51,59
2011,11,27,Sun,2.68,0.02,0,48,51,48.2,56,41
2011,11,28,Mon,12.3,0.42,0,51,56,48,48,32
2011,11,29,Tues,4.03,0,0,56,48,47.8,44,57
2011,11,30,Wed,7.61,0.09,0,48,44,47.6,45,41
2011,12,1,Thurs,7.16,0,0,44,45,47.4,41,43
2011,12,2,Fri,2.91,0,0,45,41,47.2,44,37
2011,12,3,Sat,3.58,0.01,0,41,44,47,42,54
2011,12,4,Sun,2.24,0,0,44,42,46.8,43,60
2011,12,5,Mon,6.49,0,0,42,43,46.6,42,66
2011,12,6,Tues,4.03,0,0,43,42,46.4,38,41
2011,12,7,Wed,3.8,0,0,42,38,46.3,41,32
2011,12,8,Thurs,5.14,0,0,38,41,46.1,40,34
2011,12,9,Fri,7.38,0,0,41,40,46,40,49
2011,12,10,Sat,2.68,0,0,40,40,45.9,40,53
2011,12,11,Sun,4.25,0,0,40,40,45.7,40,62
2011,12,12,Mon,5.82,0.02,0,40,40,45.6,39,43
2011,12,13,Tues,7.61,0,0,40,39,45.5,41,41
2011,12,14,Wed,3.8,0,0,39,41,45.4,40,56
2011,12,15,Thurs,4.25,0,0,41,40,45.3,44,39
2011,12,16,Fri,4.03,0.03,0,40,44,45.3,49,36
2011,12,17,Sat,4.47,0,0,44,49,45.2,50,29
2011,12,18,Sun,5.14,0,0,49,50,45.2,46,58
2011,12,19,Mon,4.25,0.19,0,50,46,45.1,46,43
2011,12,20,Tues,2.91,0,0,46,46,45.1,44,51
2011,12,21,Wed,5.59,0,0,46,44,45.1,45,51
2011,12,22,Thurs,3.8,0,0,44,45,45.1,38,25
2011,12,23,Fri,4.03,0,0,45,38,45.1,49,39
2011,12,24,Sat,5.82,0.02,0,38,49,45.1,52,30
2011,12,25,Sun,4.03,0,0,49,52,45.1,50,37
2011,12,26,Mon,13.2,0.03,0,52,50,45.2,42,49
2011,12,27,Tues,6.93,0.05,0,50,42,45.2,51,52
2011,12,28,Wed,7.61,0.9,0,42,51,45.3,53,42
2011,12,29,Thurs,16.33,0.63,0,51,53,45.3,51,63
2011,12,30,Fri,11.41,0.29,0,53,51,45.4,49,59
2011,12,31,Sat,12.75,0.07,0,51,49,45.5,43,47
2012,1,1,Sun,6.26,0,0,49,43,45.6,55,64
2012,1,2,Mon,10.51,0,0,43,55,45.7,51,46
2012,1,3,Tues,10.07,0.43,0,55,51,45.8,53,42
2012,1,4,Wed,5.14,0.03,0,51,53,45.9,54,42
2012,1,5,Thurs,10.51,0.8,0,53,54,46,48,44
2012,1,6,Fri,13.65,0.05,0,54,48,46.1,40,55
2012,1,7,Sat,4.92,0.1,0,48,40,46.2,45,66
2012,1,8,Sun,5.14,0,0,40,45,46.3,50,31
2012,1,9,Mon,4.47,0,0,45,50,46.4,49,57
2012,1,10,Tues,7.61,0.17,0,50,49,46.5,43,48
2012,1,11,Wed,7.61,0.04,0,49,43,46.7,43,53
2012,1,12,Thurs,11.41,0,0,43,43,46.8,43,34
2012,1,13,Fri,4.25,0,0,43,43,46.9,41,31
2012,1,14,Sat,2.91,0,0,43,41,47,40,33
2012,1,15,Sun,11.86,0.16,0,41,40,47.1,34,48
2012,1,16,Mon,7.16,0.21,2,40,34,47.3,35,66
2012,1,17,Tues,11.18,0.1,2,34,35,47.4,38,44
2012,1,18,Wed,12.53,0.32,0,35,38,47.5,32,61
2012,1,19,Thurs,11.18,0.78,1,38,32,47.6,30,34
2012,1,20,Fri,3.58,0.6,3,32,30,47.7,45,32
2012,1,21,Sat,5.14,0.53,3,30,45,47.8,47,63
2012,1,22,Sun,18.34,0.12,2,45,47,47.9,44,67
2012,1,23,Mon,10.74,0.24,0,47,44,48,47,38
2012,1,24,Tues,8.05,0,0,44,47,48.1,50,36
2012,1,25,Wed,11.41,0.34,0,47,50,48.2,48,64
2012,1,26,Thurs,12.08,0.32,0,50,48,48.3,48,42
2012,1,27,Fri,10.74,0.19,0,48,48,48.4,44,48
2012,1,28,Sat,3.13,0,0,48,44,48.4,44,56
2012,1,29,Sun,4.92,0,0,44,44,48.5,49,38
2012,1,30,Mon,10.07,1.09,0,44,49,48.6,47,55
2012,1,31,Tues,11.41,0.14,0,49,47,48.7,49,39
2012,2,1,Wed,8.72,0.07,0,47,49,48.8,48,44
2012,2,2,Thurs,6.04,0.53,0,49,48,48.8,47,45
2012,2,3,Fri,5.82,0,0,48,47,48.9,58,31
2012,2,4,Sat,11.86,0,0,47,58,49,60,69
2012,2,5,Sun,9.62,0,0,58,60,49.1,57,40
2012,2,6,Mon,6.49,0,0,60,57,49.1,61,55
2012,2,7,Tues,11.18,0,0,57,61,49.2,60,42
2012,2,8,Wed,11.86,0.01,0,61,60,49.3,50,31
2012,2,9,Thurs,6.04,0.11,0,60,50,49.4,52,32
2012,2,10,Fri,5.37,0.1,0,50,52,49.4,55,42
2012,2,11,Sat,6.71,0.1,0,52,55,49.5,48,53
2012,2,12,Sun,7.61,0.03,0,55,48,49.6,47,32
2012,2,13,Mon,2.91,0.04,0,48,47,49.7,45,37
2012,2,14,Tues,3.13,0.45,0,47,45,49.8,44,32
2012,2,15,Wed,6.93,0.1,0,45,44,49.9,45,44
2012,2,16,Thurs,4.03,0,0,44,45,49.9,45,30
2012,2,17,Fri,4.7,0.07,0,45,45,50,50,49
2012,2,18,Sat,7.61,0.68,0,45,50,50.1,44,39
2012,2,19,Sun,18.12,0.25,0,50,44,50.2,44,67
2012,2,20,Mon,10.51,0,0,44,44,50.4,46,54
2012,2,21,Tues,6.49,0.12,0,44,46,50.5,50,68
2012,2,22,Wed,16.78,0.03,0,46,50,50.6,50,52
2012,2,23,Thurs,13.2,0.34,0,50,50,50.7,47,34
2012,2,24,Fri,8.72,0,0,50,47,50.8,44,32
2012,2,25,Sat,7.83,0.45,0,47,44,50.9,45,64
2012,2,26,Sun,14.32,0,0,44,45,51.1,41,51
2012,2,27,Mon,7.61,0.05,0,45,41,51.2,44,34
2012,2,28,Tues,6.71,0,0,41,44,51.3,44,53
2012,3,1,Thurs,15.66,0.03,0,44,41,51.5,43,66
2012,3,2,Fri,6.93,0,0,41,43,51.6,44,32
2012,3,3,Sat,11.41,0.08,0,43,44,51.8,54,39
2012,3,4,Sun,15.66,0,0,44,54,51.9,51,56
2012,3,5,Mon,12.53,0,0,54,51,52.1,46,70
2012,3,6,Tues,13.87,0.27,0,51,46,52.2,44,36
2012,3,7,Wed,6.04,0.02,0,46,44,52.4,48,49
2012,3,8,Thurs,6.04,0,0,44,48,52.5,60,72
2012,3,9,Fri,5.59,0,0,48,60,52.7,49,39
2012,3,10,Sat,6.26,0.14,0,60,49,52.8,45,44
2012,3,11,Sun,7.61,0.41,0,49,45,53,44,54
2012,3,12,Mon,12.97,0.54,0,45,44,53.1,47,46
2012,3,13,Tues,13.87,0.76,0,44,47,53.3,42,48
2012,3,14,Wed,11.86,0.37,0,47,42,53.4,46,49
2012,3,15,Thurs,10.51,0.34,0,42,46,53.6,52,51
2012,3,16,Fri,12.97,0.94,0,46,52,53.7,48,72
2012,3,17,Sat,11.41,0.33,0,52,48,53.9,50,67
2012,3,18,Sun,8.5,0.37,0,48,50,54,41,56
2012,3,19,Mon,6.04,0.14,0,50,41,54.2,45,67
2012,3,20,Tues,6.71,0.08,0,41,45,54.3,46,74
2012,3,21,Wed,14.32,0.14,0,45,46,54.5,48,61
2012,3,22,Thurs,5.59,0.05,0,46,48,54.6,50,61
2012,3,23,Fri,4.7,0.16,0,48,50,54.7,54,50
2012,3,24,Sat,6.26,0,0,50,54,54.9,59,61
2012,3,25,Sun,11.63,0,0,54,59,55,56,63
2012,3,26,Mon,6.04,0,0,59,56,55.2,55,74
2012,3,27,Tues,9.62,0,0,56,55,55.3,58,73
2012,3,28,Wed,8.5,0.19,0,55,58,55.5,51,75
2012,3,29,Thurs,13.2,0.05,0,58,51,55.6,50,70
2012,3,30,Fri,9.84,1.08,0,51,50,55.7,49,51
2012,3,31,Sat,10.51,0.22,0,50,49,55.9,50,71
2012,4,1,Sun,7.61,0.52,0,49,50,56,48,42
2012,4,2,Mon,15.21,0.06,0,50,48,56.2,62,41
2012,4,3,Tues,6.93,0,0,48,62,56.3,53,60
2012,4,4,Wed,6.93,0.06,0,62,53,56.5,51,68
2012,4,5,Thurs,4.7,0,0,53,51,56.6,49,47
2012,4,6,Fri,4.03,0.18,0,51,49,56.8,52,38
2012,4,7,Sat,5.82,0.01,0,49,52,56.9,61,68
2012,4,8,Sun,9.62,0,0,52,61,57.1,70,43
2012,4,9,Mon,9.17,0,0,61,70,57.2,68,40
2012,4,10,Tues,4.7,0,0,70,68,57.4,64,75
2012,4,11,Wed,7.16,0,0,68,64,57.6,52,60
2012,4,12,Thurs,5.82,0.09,0,64,52,57.7,57,60
2012,4,13,Fri,5.82,0.02,0,52,57,57.9,59,74
2012,4,14,Sat,8.95,0,0,57,59,58.1,60,46
2012,4,15,Sun,6.71,0,0,59,60,58.3,61,68
2012,4,16,Mon,6.49,0,0,60,61,58.5,56,46
2012,4,17,Tues,12.97,0.32,0,61,56,58.6,50,56
2012,4,18,Wed,4.47,0.07,0,56,50,58.8,56,45
2012,4,19,Thurs,8.72,0.07,0,50,56,59,57,78
2012,4,20,Fri,5.82,0.43,0,56,57,59.2,56,66
2012,4,21,Sat,6.04,0.26,0,57,56,59.4,68,64
2012,4,22,Sun,5.14,0,0,56,68,59.7,74,62
2012,4,23,Mon,5.82,0,0,68,74,59.9,71,56
2012,4,24,Tues,7.83,0,0,74,71,60.1,57,70
2012,4,25,Wed,6.26,0.17,0,71,57,60.3,62,73
2012,4,26,Thurs,5.82,0.42,0,57,62,60.5,57,72
2012,4,27,Fri,11.63,0.15,0,62,57,60.7,56,69
2012,4,28,Sat,10.74,0.03,0,57,56,61,61,77
2012,4,29,Sun,5.59,0,0,56,61,61.2,60,46
2012,4,30,Mon,3.58,0.17,0,61,60,61.4,55,59
2012,5,1,Tues,17.9,0.17,0,60,55,61.6,53,43
2012,5,2,Wed,14.32,0.02,0,55,53,61.9,56,48
2012,5,3,Thurs,5.59,0.02,0,53,56,62.1,52,67
2012,5,4,Fri,7.61,0.73,0,56,52,62.3,54,75
2012,5,5,Sat,10.29,0.07,0,52,54,62.5,56,80
2012,5,6,Sun,5.14,0,0,54,56,62.8,64,55
2012,5,7,Mon,5.37,0,0,56,64,63,75,76
2012,5,8,Tues,4.92,0,0,64,75,63.2,65,52
2012,5,9,Wed,6.71,0,0,75,65,63.4,56,60
2012,5,10,Thurs,8.72,0,0,65,56,63.6,58,47
2012,5,11,Fri,6.71,0,0,56,58,63.8,65,59
2012,5,12,Sat,9.62,0,0,58,65,64.1,76,48
2012,5,13,Sun,7.61,0,0,65,76,64.3,78,61
2012,5,14,Mon,9.4,0,0,76,78,64.5,80,58
2012,5,15,Tues,8.5,0,0,78,80,64.7,76,78
2012,5,16,Wed,9.17,0,0,80,76,64.8,67,83
2012,5,17,Thurs,7.83,0,0,76,67,65,64,71
2012,5,18,Fri,6.49,0,0,67,64,65.2,60,81
2012,5,19,Sat,6.93,0,0,64,60,65.4,67,64
2012,5,20,Sun,3.36,0,0,60,67,65.6,58,61
2012,5,21,Mon,2.91,0.25,0,67,58,65.7,62,54
2012,5,22,Tues,8.95,0.55,0,58,62,65.9,55,56
2012,5,23,Wed,10.74,0.24,0,62,55,66.1,58,70
2012,5,24,Thurs,14.09,0.01,0,55,58,66.2,63,64
2012,5,25,Fri,7.38,0,0,58,63,66.4,72,71
2012,5,26,Sat,6.93,0,0,63,72,66.5,72,59
2012,5,27,Sun,8.05,0,0,72,72,66.7,63,70
2012,5,28,Mon,8.28,0,0,72,63,66.8,62,72
2012,5,29,Tues,7.61,0,0,63,62,67,61,71
2012,5,30,Wed,4.03,0,0,62,61,67.1,66,82
2012,5,31,Thurs,3.36,0.01,0,61,66,67.3,64,74
2012,6,1,Fri,6.04,0.15,0,66,64,67.4,68,65
2012,6,2,Sat,8.28,0.26,0,64,68,67.6,66,83
2012,6,3,Sun,8.28,0.01,0,68,66,67.7,63,81
2012,6,4,Mon,6.49,0,0,66,63,67.9,55,85
2012,6,5,Tues,6.93,0.05,0,63,55,68,56,67
2012,6,6,Wed,7.38,0.63,0,55,56,68.2,61,49
2012,6,7,Thurs,7.61,0,0,56,61,68.3,61,80
2012,6,8,Fri,7.83,0.65,0,61,61,68.5,59,77
2012,6,9,Sat,6.71,0.06,0,61,59,68.6,63,52
2012,6,10,Sun,10.51,0,0,59,63,68.8,66,51
2012,6,11,Mon,6.49,0,0,63,66,69,74,54
2012,6,12,Tues,4.03,0,0,66,74,69.1,65,83
2012,6,13,Wed,8.72,0.03,0,74,65,69.3,61,64
2012,6,14,Thurs,9.62,0,0,65,61,69.5,63,62
2012,6,15,Fri,6.04,0,0,61,63,69.7,72,81
2012,6,16,Sat,3.8,0,0,63,72,69.8,70,62
2012,6,17,Sun,9.17,0,0,72,70,70,66,65
2012,6,18,Mon,14.32,0,0,70,66,70.2,63,89
2012,6,19,Tues,8.5,0.12,0,66,63,70.4,67,70
2012,6,20,Wed,6.71,0.04,0,63,67,70.6,76,80
2012,6,21,Thurs,6.71,0,0,67,76,70.8,75,71
2012,6,22,Fri,4.7,0,0,76,75,71,57,80
2012,6,23,Sat,4.25,0.62,0,75,57,71.3,60,68
2012,6,24,Sun,5.59,0.34,0,57,60,71.5,67,67
2012,6,25,Mon,4.47,0,0,60,67,71.7,67,78
2012,6,26,Tues,6.93,0.02,0,67,67,71.9,65,78
2012,6,27,Wed,7.61,0,0,67,65,72.2,73,91
2012,6,28,Thurs,4.03,0,0,65,73,72.4,72,83
2012,6,29,Fri,5.59,0,0,73,72,72.6,71,66
2012,6,30,Sat,4.25,0.01,0,72,71,72.8,68,66
2012,7,1,Sun,5.37,0.12,0,71,68,73.1,68,69
2012,7,2,Mon,5.14,0,0,68,68,73.3,66,62
2012,7,3,Tues,4.7,0.08,0,68,66,73.5,65,91
2012,7,4,Wed,13.42,0.23,0,66,65,73.8,69,63
2012,7,5,Thurs,8.5,0,0,65,69,74,76,57
2012,7,6,Fri,6.93,0,0,69,76,74.2,77,91
2012,7,7,Sat,4.7,0,0,76,77,74.4,80,67
2012,7,8,Sun,8.5,0,0,77,80,74.6,83,84
2012,7,9,Mon,6.26,0,0,80,83,74.9,77,81
2012,7,10,Tues,4.47,0.06,0,83,77,75.1,75,87
2012,7,11,Wed,5.14,0,0,77,75,75.3,82,74
2012,7,12,Thurs,6.49,0,0,75,82,75.4,78,68
2012,7,13,Fri,6.04,0,0,82,78,75.6,74,89
2012,7,14,Sat,4.92,0.02,0,78,74,75.8,77,82
2012,7,15,Sun,4.92,0,0,74,77,76,66,85
2012,7,16,Mon,8.5,0,0,77,66,76.1,79,90
2012,7,17,Tues,5.59,0.01,0,66,79,76.3,71,71
2012,7,18,Wed,5.82,0,0,79,71,76.4,70,85
2012,7,19,Thurs,6.49,0,0,71,70,76.6,77,68
2012,7,20,Fri,4.92,0,0,70,77,76.7,67,79
2012,7,21,Sat,8.95,0.6,0,77,67,76.8,75,85
2012,7,22,Sun,5.14,0,0,67,75,76.9,69,76
2012,7,23,Mon,8.72,0.04,0,75,69,77,66,72
2012,7,24,Tues,7.38,0,0,69,66,77.1,74,80
2012,7,25,Wed,9.62,0,0,66,74,77.1,80,85
2012,7,26,Thurs,5.82,0,0,74,80,77.2,78,88
2012,7,27,Fri,4.92,0,0,80,78,77.3,66,70
2012,7,28,Sat,6.26,0,0,78,66,77.3,72,84
2012,7,29,Sun,3.8,0,0,66,72,77.3,73,88
2012,7,30,Mon,4.47,0,0,72,73,77.3,67,66
2012,7,31,Tues,6.71,0,0,73,67,77.4,73,62
2012,8,1,Wed,6.26,0,0,67,73,77.4,75,57
2012,8,2,Thurs,4.92,0,0,73,75,77.4,74,96
2012,8,3,Fri,5.59,0,0,75,74,77.3,81,84
2012,8,4,Sat,8.72,0,0,74,81,77.3,93,80
2012,8,5,Sun,8.28,0,0,81,93,77.3,93,63
2012,8,6,Mon,4.25,0,0,93,93,77.2,83,96
2012,8,7,Tues,5.59,0,0,93,83,77.2,70,74
2012,8,8,Wed,5.82,0,0,83,70,77.1,72,61
2012,8,9,Thurs,6.93,0,0,70,72,77.1,76,85
2012,8,10,Fri,8.5,0,0,72,76,77,78,96
2012,8,11,Sat,5.14,0,0,76,78,76.9,83,87
2012,8,12,Sun,5.59,0,0,78,83,76.9,87,70
2012,8,13,Mon,6.71,0,0,83,87,76.8,87,71
2012,8,14,Tues,6.26,0,0,87,87,76.7,84,93
2012,8,15,Wed,6.26,0,0,87,84,76.6,88,95
2012,8,16,Thurs,10.51,0,0,84,88,76.5,94,79
2012,8,17,Fri,6.26,0,0,88,94,76.4,91,89
2012,8,18,Sat,4.03,0,0,94,91,76.3,71,61
2012,8,19,Sun,6.71,0,0,91,71,76.2,74,81
2012,8,20,Mon,6.04,0,0,71,74,76.1,78,89
2012,8,21,Tues,4.25,0,0,74,78,75.9,74,61
2012,8,22,Wed,6.71,0,0,78,74,75.8,72,79
2012,8,23,Thurs,5.14,0,0,74,72,75.7,70,70
2012,8,24,Fri,8.5,0,0,72,70,75.5,72,88
2012,8,25,Sat,7.38,0,0,70,72,75.4,79,65
2012,8,26,Sun,7.16,0,0,72,79,75.3,70,59
2012,8,27,Mon,7.61,0,0,79,70,75.1,75,55
2012,8,28,Tues,4.03,0,0,70,75,75,73,91
2012,8,29,Wed,7.16,0,0,75,73,74.8,73,71
2012,8,30,Thurs,5.37,0,0,73,73,74.6,73,68
2012,8,31,Fri,4.25,0,0,73,73,74.4,72,68
2012,9,1,Sat,6.49,0,0,73,72,74.3,71,84
2012,9,2,Sun,4.7,0,0,72,71,74.1,70,84
2012,9,3,Mon,4.47,0,0,71,70,73.9,73,78
2012,9,4,Tues,7.38,0,0,70,73,73.7,76,83
2012,9,5,Wed,6.93,0,0,73,76,73.5,79,61
2012,9,6,Thurs,5.82,0,0,76,79,73.3,83,58
2012,9,7,Fri,9.4,0,0,79,83,73,90,62
2012,9,8,Sat,6.93,0,0,83,90,72.8,77,55
2012,9,9,Sun,6.71,0,0,90,77,72.6,66,62
2012,9,10,Mon,11.18,0.01,0,77,66,72.3,68,89
2012,9,11,Tues,8.72,0.01,0,66,68,72.1,68,82
2012,9,12,Wed,9.4,0,0,68,68,71.8,72,54
2012,9,13,Thurs,12.53,0,0,68,72,71.5,82,70
2012,9,14,Fri,8.05,0,0,72,82,71.2,79,81
2012,9,15,Sat,3.36,0,0,82,79,71,72,83
2012,9,16,Sun,4.25,0,0,79,72,70.7,76,63
2012,9,17,Mon,5.14,0,0,72,76,70.3,82,87
2012,9,18,Tues,4.92,0,0,76,82,70,82,89
2012,9,19,Wed,3.13,0,0,82,82,69.7,75,73
2012,9,20,Thurs,4.25,0,0,82,75,69.4,67,70
2012,9,21,Fri,5.59,0,0,75,67,69,61,55
2012,9,22,Sat,4.7,0,0,67,61,68.7,67,80
2012,9,23,Sun,2.46,0.01,0,61,67,68.3,67,84
2012,9,24,Mon,3.13,0,0,67,67,68,70,68
2012,9,25,Tues,4.03,0,0,67,70,67.6,67,60
2012,9,26,Wed,3.8,0,0,70,67,67.2,67,71
2012,9,27,Thurs,3.8,0,0,67,67,66.8,73,63
2012,9,28,Fri,3.8,0,0,67,73,66.5,77,69
2012,9,29,Sat,2.46,0,0,73,77,66.1,69,64
2012,9,30,Sun,9.62,0,0,77,69,65.7,70,67
2012,10,1,Mon,6.93,0,0,69,70,65.3,74,53
2012,10,2,Tues,6.71,0,0,70,74,64.9,64,58
2012,10,3,Wed,9.17,0,0,74,64,64.5,66,50
2012,10,4,Thurs,16.33,0,0,64,66,64.1,66,67
2012,10,5,Fri,14.54,0,0,66,66,63.7,71,49
2012,10,6,Sat,12.75,0,0,66,71,63.3,75,78
2012,10,7,Sun,11.41,0,0,71,75,62.9,75,59
2012,10,8,Mon,2.91,0,0,75,75,62.5,70,76
2012,10,9,Tues,4.25,0,0,75,70,62.1,61,72
2012,10,10,Wed,3.58,0,0,70,61,61.8,54,61
2012,10,11,Thurs,3.13,0,0,61,54,61.4,57,71
2012,10,12,Fri,2.91,0,0,54,57,61,57,54
2012,10,13,Sat,10.29,0.08,0,57,57,60.6,60,74
2012,10,14,Sun,8.72,0.19,0,57,60,60.2,64,76
2012,10,15,Mon,7.61,0.65,0,60,64,59.9,63,64
2012,10,16,Tues,10.29,0.31,0,64,63,59.5,61,53
2012,10,17,Wed,12.3,0,0,63,61,59.1,58,46
2012,10,18,Thurs,3.58,0,0,61,58,58.8,64,72
2012,10,19,Fri,4.47,0.82,0,58,64,58.4,59,52
2012,10,20,Sat,11.86,0.19,0,64,59,58.1,52,51
2012,10,21,Sun,12.75,0.02,0,59,52,57.8,53,62
2012,10,22,Mon,6.04,0.25,0,52,53,57.4,46,68
2012,10,23,Tues,5.82,0.35,0,53,46,57.1,52,43
2012,10,24,Wed,6.71,0,0,46,52,56.8,53,45
2012,10,25,Thurs,4.7,0.28,0,52,53,56.5,53,74
2012,10,26,Fri,3.36,0,0,53,53,56.2,52,62
2012,10,27,Sat,5.59,0.06,0,53,52,55.9,58,72
2012,10,28,Sun,11.41,0.91,0,52,58,55.6,58,45
2012,10,29,Mon,8.5,0.24,0,58,58,55.3,60,47
2012,10,30,Tues,10.96,0.43,0,58,60,55,59,48
2012,10,31,Wed,6.26,1.36,0,60,59,54.8,60,67
2012,11,1,Thurs,6.04,0.57,0,59,60,54.5,59,54
2012,11,2,Fri,6.71,0.38,0,60,59,54.2,59,46
2012,11,3,Sat,2.24,0.22,0,59,59,53.9,60,72
2012,11,4,Sun,8.05,0.02,0,59,60,53.7,64,38
2012,11,5,Mon,8.5,0.32,0,60,64,53.4,59,53
2012,11,6,Tues,8.95,0.03,0,64,59,53.2,55,44
2012,11,7,Wed,7.83,0.01,0,59,55,52.9,54,58
2012,11,8,Thurs,7.61,0,0,55,54,52.7,50,53
2012,11,9,Fri,7.61,0,0,54,50,52.4,48,36
2012,11,10,Sat,4.47,0,0,50,48,52.2,46,64
2012,11,11,Sun,4.92,0,0,48,46,51.9,48,61
2012,11,12,Mon,6.71,0.6,0,46,48,51.7,55,51
2012,11,13,Tues,6.71,0.14,0,48,55,51.4,52,43
2012,11,14,Wed,5.59,0.21,0,55,52,51.2,52,68
2012,11,15,Thurs,5.82,0.03,0,52,52,51,49,32
2012,11,16,Fri,5.37,0,0,52,49,50.7,49,50
2012,11,17,Sat,3.58,0.22,0,49,49,50.5,54,33
2012,11,18,Sun,11.86,0.24,0,49,54,50.3,50,58
2012,11,19,Mon,10.96,0.31,0,54,50,50,56,59
2012,11,20,Tues,13.42,2.13,0,50,56,49.8,52,43
2012,11,21,Wed,9.4,0.15,0,56,52,49.5,47,53
2012,11,22,Thurs,12.3,0.44,0,52,47,49.3,48,33
2012,11,23,Fri,3.36,0,0,47,48,49.1,49,62
2012,11,24,Sat,5.37,1.26,0,48,49,48.9,48,51
2012,11,25,Sun,2.68,0,0,49,48,48.6,47,57
2012,11,26,Mon,8.05,0,0,48,47,48.4,49,40
2012,11,27,Tues,8.5,0,0,47,49,48.2,50,38
2012,11,28,Wed,3.36,0,0,49,50,48,49,68
2012,11,29,Thurs,6.49,0.11,0,50,49,47.8,55,63
2012,11,30,Fri,9.4,0.06,0,49,55,47.6,59,47
2012,12,1,Sat,10.29,1.4,0,55,59,47.4,56,42
2012,12,2,Sun,12.3,0.16,0,59,56,47.2,47,29
2012,12,3,Mon,13.87,0.77,0,56,47,47,49,39
2012,12,4,Tues,9.84,0.51,0,47,49,46.8,53,37
2012,12,5,Wed,13.87,0.56,0,49,53,46.6,48,27
2012,12,6,Thurs,11.18,0.06,0,53,48,46.4,45,65
2012,12,7,Fri,11.41,0.06,0,48,45,46.3,46,61
2012,12,8,Sat,10.29,0.04,0,45,46,46.1,44,47
2012,12,9,Sun,4.47,0,0,46,44,46,44,59
2012,12,10,Mon,4.7,0.06,0,44,44,45.9,45,40
2012,12,11,Tues,4.03,0.02,0,44,45,45.7,46,33
2012,12,12,Wed,10.07,0.12,0,45,46,45.6,44,49
2012,12,13,Thurs,4.47,0.32,0,46,44,45.5,45,63
2012,12,14,Fri,6.26,0.09,0,44,45,45.4,43,52
2012,12,15,Sat,3.8,0.31,0,45,43,45.3,40,64
2012,12,16,Sun,11.41,0.21,0,43,40,45.3,44,55
2012,12,17,Mon,12.3,0.89,0,40,44,45.2,47,26
2012,12,18,Tues,21.25,0.08,0,44,47,45.2,39,54
2012,12,19,Wed,11.86,0.13,1,47,39,45.1,47,33
2012,12,20,Thurs,12.97,0.54,0,39,47,45.1,45,61
2012,12,21,Fri,8.28,0.52,0,47,45,45.1,47,62
2012,12,22,Sat,3.8,0.07,0,45,47,45.1,47,56
2012,12,23,Sun,7.83,0.13,0,47,47,45.1,45,34
2012,12,24,Mon,5.59,0.26,0,47,45,45.1,42,50
2012,12,25,Tues,6.26,0.01,0,45,42,45.1,42,33
2012,12,26,Wed,9.4,0.53,0,42,42,45.2,44,31
2012,12,27,Thurs,10.96,0.18,0,42,44,45.2,46,58
2012,12,28,Fri,7.16,0.16,0,44,46,45.3,47,54
2012,12,29,Sat,3.8,0,0,46,47,45.3,41,44
2012,12,30,Sun,3.8,0.06,0,47,41,45.4,40,48
2012,12,31,Mon,4.03,0,0,41,40,45.5,38,53
2013,1,1,Tues,4.47,0,0,40,38,45.6,41,46
2013,1,2,Wed,6.04,0,0,38,41,45.7,43,42
2013,1,3,Thurs,7.16,0,0,41,43,45.8,44,41
2013,1,4,Fri,6.71,0.16,0,43,44,45.9,50,34
2013,1,5,Sat,6.26,0.1,0,44,50,46,44,26
2013,1,6,Sun,6.93,0.12,0,50,44,46.1,45,36
2013,1,7,Mon,6.71,0.08,0,44,45,46.2,50,43
2013,1,8,Tues,16.33,0.09,0,45,50,46.3,53,29
2013,1,9,Wed,14.09,0.64,0,50,53,46.4,50,48
2013,1,10,Thurs,11.41,1.51,0,53,50,46.5,38,46
2013,1,11,Fri,4.7,0.01,0,50,38,46.7,37,47
2013,1,12,Sat,4.25,0,0,38,37,46.8,37,51
2013,1,13,Sun,4.47,0,0,37,37,46.9,36,45
2013,1,14,Mon,3.36,0,0,37,36,47,38,60
2013,1,15,Tues,2.91,0,0,36,38,47.1,44,31
2013,1,16,Wed,5.14,0,0,38,44,47.3,43,31
2013,1,17,Thurs,4.03,0,0,44,43,47.4,39,29
2013,1,18,Fri,2.24,0,0,43,39,47.5,38,44
2013,1,19,Sat,2.91,0,0,39,38,47.6,34,53
2013,1,20,Sun,4.25,0,0,38,34,47.7,38,52
2013,1,21,Mon,4.7,0,0,34,38,47.8,36,43
2013,1,22,Tues,2.46,0,0,38,36,47.9,38,52
2013,1,23,Wed,1.34,0,0,36,38,48,45,43
2013,1,24,Thurs,6.93,0.2,0,38,45,48.1,45,37
2013,1,25,Fri,5.82,0.23,0,45,45,48.2,51,68
2013,1,26,Sat,4.7,0.12,0,45,51,48.3,47,35
2013,1,27,Sun,10.07,0.09,0,51,47,48.4,42,51
2013,1,28,Mon,10.07,0.07,0,47,42,48.4,43,36
2013,1,29,Tues,7.16,0.31,0,42,43,48.5,47,62
2013,1,30,Wed,8.72,0.17,0,43,47,48.6,48,67
2013,1,31,Thurs,8.72,0.14,0,47,48,48.7,49,58
2013,2,1,Fri,8.95,0.12,0,48,49,48.8,53,37
2013,2,2,Sat,6.49,0.01,0,49,53,48.8,43,45
2013,2,3,Sun,4.47,0,0,53,43,48.9,48,57
2013,2,4,Mon,6.49,0.09,0,43,48,49,51,43
2013,2,5,Tues,5.82,0,0,48,51,49.1,50,35
2013,2,6,Wed,11.41,0.13,0,51,50,49.1,51,62
2013,2,7,Thurs,10.07,0.04,0,50,51,49.2,49,58
2013,2,8,Fri,9.17,0.05,0,51,49,49.3,46,40
2013,2,9,Sat,2.91,0,0,49,46,49.4,47,38
2013,2,10,Sun,2.91,0.01,0,46,47,49.4,48,54
2013,2,11,Mon,4.47,0,0,47,48,49.5,47,64
2013,2,12,Tues,3.13,0.01,0,48,47,49.6,52,46
2013,2,13,Wed,12.53,0.04,0,47,52,49.7,49,35
2013,2,14,Thurs,9.17,0.09,0,52,49,49.8,49,62
2013,2,15,Fri,4.92,0.04,0,49,49,49.9,56,42
2013,2,16,Sat,5.37,0,0,49,56,49.9,52,36
2013,2,17,Sun,12.53,0,0,56,52,50,49,61
2013,2,18,Mon,7.61,0,0,52,49,50.1,46,35
2013,2,19,Tues,4.25,0,0,49,46,50.2,51,65
2013,2,20,Wed,7.61,0,0,46,51,50.4,46,37
2013,2,21,Thurs,4.7,0.06,0,51,46,50.5,44,31
2013,2,22,Fri,13.87,0.02,0,46,44,50.6,46,38
2013,2,23,Sat,18.12,0.37,0,44,46,50.7,50,38
2013,2,24,Sun,10.29,0.01,0,46,50,50.8,48,53
2013,2,25,Mon,12.3,0,0,50,48,50.9,51,44
2013,2,26,Tues,15.88,0.09,0,48,51,51.1,48,61
2013,2,27,Wed,8.5,0.02,0,51,48,51.2,50,67
2013,2,28,Thurs,4.03,0.18,0,48,50,51.3,53,46
2013,3,1,Fri,8.5,0.32,0,50,53,51.5,59,33
2013,3,2,Sat,12.08,0.16,0,53,59,51.6,57,40
2013,3,3,Sun,10.07,0.03,0,59,57,51.8,52,50
2013,3,4,Mon,6.26,0,0,57,52,51.9,56,44
2013,3,5,Tues,8.72,0,0,52,56,52.1,49,43
2013,3,6,Wed,5.37,0,0,56,49,52.2,45,33
2013,3,7,Thurs,9.17,0.47,0,49,45,52.4,54,58
2013,3,8,Fri,5.59,0.29,0,45,54,52.5,53,53
2013,3,9,Sat,5.82,0,0,54,53,52.7,55,43
2013,3,10,Sun,2.91,0,0,53,55,52.8,46,54
2013,3,11,Mon,3.58,0.03,0,55,46,53,51,44
2013,3,12,Tues,2.46,0.05,0,46,51,53.1,55,66
2013,3,13,Wed,12.75,0.08,0,51,55,53.3,53,53
2013,3,14,Thurs,8.28,0.09,0,55,53,53.4,53,64
2013,3,15,Fri,6.71,0.11,0,53,53,53.6,58,57
2013,3,16,Sat,9.62,0,0,53,58,53.7,51,58
2013,3,17,Sun,14.32,0.17,0,58,51,53.9,48,59
2013,3,18,Mon,13.65,0,0,51,48,54,53,50
2013,3,19,Tues,13.2,0,0,48,53,54.2,55,61
2013,3,20,Wed,7.61,0.46,0,53,55,54.3,52,58
2013,3,21,Thurs,17,0.39,0,55,52,54.5,50,48
2013,3,22,Fri,10.96,0.32,0,52,50,54.6,49,53
2013,3,23,Sat,4.92,0,0,50,49,54.7,50,50
2013,3,24,Sun,5.82,0,0,49,50,54.9,54,56
2013,3,25,Mon,4.7,0,0,50,54,55,62,73
2013,3,26,Tues,6.26,0,0,54,62,55.2,62,44
2013,3,27,Wed,3.8,0,0,62,62,55.3,56,70
2013,3,28,Thurs,3.58,0.01,0,62,56,55.5,61,42
2013,3,29,Fri,2.91,0.08,0,56,61,55.6,65,49
2013,3,30,Sat,5.59,0,0,61,65,55.7,68,43
2013,3,31,Sun,9.84,0,0,65,68,55.9,69,39
2013,4,1,Mon,6.49,0,0,68,69,56,63,72
2013,4,2,Tues,8.05,0,0,69,63,56.2,57,51
2013,4,3,Wed,4.92,0,0,63,57,56.3,62,74
2013,4,4,Thurs,3.58,0,0,57,62,56.5,58,65
2013,4,5,Fri,6.71,0.33,0,62,58,56.6,57,52
2013,4,6,Sat,12.53,0.73,0,58,57,56.8,54,42
2013,4,7,Sun,11.18,0.5,0,57,54,56.9,47,54
2013,4,8,Mon,8.72,1.54,0,54,47,57.1,56,73
2013,4,9,Tues,6.93,0.03,0,47,56,57.2,54,44
2013,4,10,Wed,5.37,0,0,56,54,57.4,59,65
2013,4,11,Thurs,14.32,0.37,0,54,59,57.6,54,71
2013,4,12,Fri,8.5,0.06,0,59,54,57.7,46,44
2013,4,13,Sat,10.29,0.38,0,54,46,57.9,51,41
2013,4,14,Sun,12.75,0.37,0,46,51,58.1,55,47
2013,4,15,Mon,5.14,0.23,0,51,55,58.3,57,73
2013,4,16,Tues,5.37,0,0,55,57,58.5,57,66
2013,4,17,Wed,5.82,0.01,0,57,57,58.6,59,75
2013,4,18,Thurs,7.38,0,0,57,59,58.8,53,60
2013,4,19,Fri,8.95,0.21,0,59,53,59,56,55
2013,4,20,Sat,10.96,0.81,0,53,56,59.2,57,55
2013,4,21,Sun,12.97,0,0,56,57,59.4,54,51
2013,4,22,Mon,9.17,0.13,0,57,54,59.7,61,47
2013,4,23,Tues,9.62,0,0,54,61,59.9,64,50
2013,4,24,Wed,6.26,0,0,61,64,60.1,70,58
2013,4,25,Thurs,6.71,0,0,64,70,60.3,71,71
2013,4,26,Fri,2.46,0,0,70,71,60.5,69,75
2013,4,27,Sat,4.92,0,0,71,69,60.7,57,69
2013,4,28,Sun,13.2,0,0,69,57,61,59,73
2013,4,29,Mon,11.63,0.04,0,57,59,61.2,57,54
2013,4,30,Tues,9.4,0.15,0,59,57,61.4,55,69
2013,5,1,Wed,5.37,0,0,57,55,61.6,65,44
2013,5,2,Thurs,6.93,0,0,55,65,61.9,69,43
2013,5,3,Fri,8.95,0,0,65,69,62.1,71,73
2013,5,4,Sat,10.96,0,0,69,71,62.3,77,80
2013,5,5,Sun,14.54,0,0,71,77,62.5,84,77
2013,5,6,Mon,11.86,0,0,77,84,62.8,87,78
2013,5,7,Tues,4.47,0,0,84,87,63,69,45
2013,5,8,Wed,7.38,0,0,87,69,63.2,67,68
2013,5,9,Thurs,4.25,0,0,69,67,63.4,73,79
2013,5,10,Fri,2.91,0,0,67,73,63.6,79,55
2013,5,11,Sat,2.24,0,0,73,79,63.8,81,57
2013,5,12,Sun,5.82,0,0,79,81,64.1,71,71
2013,5,13,Mon,8.72,0.26,0,81,71,64.3,66,84
2013,5,14,Tues,11.18,0.13,0,71,66,64.5,65,69
2013,5,15,Wed,5.37,0,0,66,65,64.7,63,82
2013,5,16,Thurs,5.14,0.04,0,65,63,64.8,71,49
2013,5,17,Fri,6.04,0,0,63,71,65,63,59
2013,5,18,Sat,8.28,0.02,0,71,63,65.2,62,66
2013,5,19,Sun,6.49,0,0,63,62,65.4,65,54
2013,5,20,Mon,5.14,0,0,62,65,65.6,67,66
2013,5,21,Tues,4.03,0,0,65,67,65.7,60,51
2013,5,22,Wed,10.74,0.54,0,67,60,65.9,52,56
2013,5,23,Thurs,6.71,0.54,0,60,52,66.1,54,84
2013,5,24,Fri,4.25,0.16,0,52,54,66.2,62,70
2013,5,25,Sat,6.04,0.01,0,54,62,66.4,64,55
2013,5,26,Sun,6.04,0,0,62,64,66.5,65,81
2013,5,27,Mon,4.92,0.06,0,64,65,66.7,62,67
2013,5,28,Tues,6.93,0.38,0,65,62,66.8,63,53
2013,5,29,Wed,6.26,0.02,0,62,63,67,61,54
2013,5,30,Thurs,8.95,0.22,0,63,61,67.1,62,69
2013,5,31,Fri,11.86,0,0,61,62,67.3,67,74
2013,6,1,Sat,5.59,0,0,62,67,67.4,73,52
2013,6,2,Sun,5.59,0,0,67,73,67.6,69,63
2013,6,3,Mon,6.93,0.04,0,73,69,67.7,72,54
2013,6,4,Tues,6.49,0,0,69,72,67.9,79,76
2013,6,5,Wed,7.61,0,0,72,79,68,80,85
2013,6,6,Thurs,6.93,0,0,79,80,68.2,80,62
2013,6,7,Fri,5.59,0,0,80,80,68.3,71,66
2013,6,8,Sat,7.16,0,0,80,71,68.5,69,80
2013,6,9,Sun,6.93,0,0,71,69,68.6,69,77
2013,6,10,Mon,8.28,0,0,69,69,68.8,71,70
2013,6,11,Tues,7.16,0,0,69,71,69,68,81
2013,6,12,Wed,12.75,0,0,71,68,69.1,69,51
2013,6,13,Thurs,9.4,0.01,0,68,69,69.3,70,74
2013,6,14,Fri,5.82,0,0,69,70,69.5,68,60
2013,6,15,Sat,8.28,0,0,70,68,69.7,78,77
2013,6,16,Sun,6.49,0,0,68,78,69.8,75,86
2013,6,17,Mon,7.61,0,0,78,75,70,78,71
2013,6,18,Tues,6.71,0,0,75,78,70.2,74,70
2013,6,19,Wed,7.61,0.01,0,78,74,70.4,68,67
2013,6,20,Thurs,8.28,0,0,74,68,70.6,63,84
2013,6,21,Fri,11.18,0.12,0,68,63,70.8,69,78
2013,6,22,Sat,3.36,0.01,0,63,69,71,78,53
2013,6,23,Sun,3.8,0,0,69,78,71.3,72,65
2013,6,24,Mon,4.7,0.31,0,78,72,71.5,70,71
2013,6,25,Tues,8.28,0.19,0,72,70,71.7,74,71
2013,6,26,Wed,6.26,0.39,0,70,74,71.9,72,61
2013,6,27,Thurs,5.14,0.08,0,74,72,72.2,70,66
2013,6,28,Fri,2.91,0.14,0,72,70,72.4,87,72
2013,6,29,Sat,4.92,0,0,70,87,72.6,86,53
2013,6,30,Sun,3.8,0,0,87,86,72.8,93,71
2013,7,1,Mon,5.59,0,0,86,93,73.1,89,56
2013,7,2,Tues,5.14,0,0,93,89,73.3,83,81
2013,7,3,Wed,6.71,0,0,89,83,73.5,79,82
2013,7,4,Thurs,7.16,0,0,83,79,73.8,71,88
2013,7,5,Fri,4.92,0,0,79,71,74,74,55
2013,7,6,Sat,5.82,0,0,71,74,74.2,79,77
2013,7,7,Sun,4.92,0,0,74,79,74.4,75,82
2013,7,8,Mon,6.49,0,0,79,75,74.6,80,63
2013,7,9,Tues,6.26,0,0,75,80,74.9,86,87
2013,7,10,Wed,5.59,0,0,80,86,75.1,72,67
2013,7,11,Thurs,5.82,0,0,86,72,75.3,73,77
2013,7,12,Fri,6.71,0,0,72,73,75.4,67,60
2013,7,13,Sat,4.92,0,0,73,67,75.6,79,63
2013,7,14,Sun,6.93,0,0,67,79,75.8,82,93
2013,7,15,Mon,6.71,0,0,79,82,76,82,77
2013,7,16,Tues,10.29,0,0,82,82,76.1,88,95
2013,7,17,Wed,9.17,0,0,82,88,76.3,72,95
2013,7,18,Thurs,8.28,0,0,88,72,76.4,79,67
2013,7,19,Fri,4.47,0,0,72,79,76.6,82,94
2013,7,20,Sat,4.25,0,0,79,82,76.7,77,89
2013,7,21,Sun,4.47,0,0,82,77,76.8,75,70
2013,7,22,Mon,5.14,0,0,77,75,76.9,79,66
2013,7,23,Tues,5.37,0,0,75,79,77,88,65
2013,7,24,Wed,6.71,0,0,79,88,77.1,88,92
2013,7,25,Thurs,5.59,0,0,88,88,77.1,88,67
2013,7,26,Fri,5.14,0,0,88,88,77.2,88,85
2013,7,27,Sat,6.49,0,0,88,88,77.3,78,90
2013,7,28,Sun,5.82,0,0,88,78,77.3,70,77
2013,7,29,Mon,7.61,0,0,78,70,77.3,77,87
2013,7,30,Tues,3.13,0,0,70,77,77.3,77,81
2013,7,31,Wed,6.26,0,0,77,77,77.4,71,95
2013,8,1,Thurs,4.03,0,0,77,71,77.4,69,92
2013,8,2,Fri,8.72,0,0,71,69,77.4,63,72
2013,8,3,Sat,4.47,0.08,0,69,63,77.3,77,58
2013,8,4,Sun,5.37,0,0,63,77,77.3,84,84
2013,8,5,Mon,7.61,0,0,77,84,77.3,86,67
2013,8,6,Tues,4.7,0,0,84,86,77.2,87,84
2013,8,7,Wed,3.13,0,0,86,87,77.2,88,62
2013,8,8,Thurs,4.25,0,0,87,88,77.1,83,87
2013,8,9,Fri,5.59,0,0,88,83,77.1,83,96
2013,8,10,Sat,4.7,0,0,83,83,77,78,80
2013,8,11,Sun,6.49,0.09,0,83,78,76.9,77,88
2013,8,12,Mon,6.49,0,0,78,77,76.9,78,92
2013,8,13,Tues,4.25,0,0,77,78,76.8,82,76
2013,8,14,Wed,4.03,0,0,78,82,76.7,81,84
2013,8,15,Thurs,4.47,0.03,0,82,81,76.6,70,83
2013,8,16,Fri,2.24,0.07,0,81,70,76.5,84,66
2013,8,17,Sat,4.92,0,0,70,84,76.4,78,91
2013,8,18,Sun,6.71,0,0,84,78,76.3,79,82
2013,8,19,Mon,6.93,0,0,78,79,76.2,80,57
2013,8,20,Tues,6.71,0,0,79,80,76.1,78,89
2013,8,21,Wed,10.29,0,0,80,78,75.9,82,70
2013,8,22,Thurs,9.62,0,0,78,82,75.8,84,96
2013,8,23,Fri,4.25,0,0,82,84,75.7,77,69
2013,8,24,Sat,9.17,0,0,84,77,75.5,77,77
2013,8,25,Sun,6.04,0,0,77,77,75.4,72,87
2013,8,26,Mon,5.82,0.01,0,77,72,75.3,76,63
2013,8,27,Tues,4.25,0.04,0,72,76,75.1,80,80
2013,8,28,Wed,3.13,0.05,0,76,80,75,80,69
2013,8,29,Thurs,2.91,0.22,0,80,80,74.8,75,75
2013,8,30,Fri,6.71,0.76,0,80,75,74.6,79,93
2013,8,31,Sat,6.49,0,0,75,79,74.4,82,82
2013,9,1,Sun,5.82,0,0,79,82,74.3,82,68
2013,9,2,Mon,5.59,0,0,82,82,74.1,82,90
2013,9,3,Tues,4.7,0,0,82,82,73.9,77,82
2013,9,4,Wed,3.8,0.09,0,82,77,73.7,73,69
2013,9,5,Thurs,5.37,0.01,0,77,73,73.5,68,75
2013,9,6,Fri,5.59,1.09,0,73,68,73.3,71,88
2013,9,7,Sat,5.82,0.84,0,68,71,73,74,85
2013,9,8,Sun,4.47,0,0,71,74,72.8,80,78
2013,9,9,Mon,3.36,0,0,74,80,72.6,79,55
2013,9,10,Tues,4.7,0,0,80,79,72.3,80,83
2013,9,11,Wed,8.28,0,0,79,80,72.1,93,74
2013,9,12,Thurs,5.37,0,0,80,93,71.8,78,77
2013,9,13,Fri,3.8,0,0,93,78,71.5,66,60
2013,9,14,Sat,4.47,0,0,78,66,71.2,71,59
2013,9,15,Sun,3.13,0,0,66,71,71,66,53
2013,9,16,Mon,4.92,0.13,0,71,66,70.7,71,52
2013,9,17,Tues,9.62,0.01,0,66,71,70.3,64,78
2013,9,18,Wed,5.14,0,0,71,64,70,70,54
2013,9,19,Thurs,5.59,0,0,64,70,69.7,78,75
2013,9,20,Fri,3.36,0,0,70,78,69.4,74,82
2013,9,21,Sat,6.71,0.14,0,78,74,69,70,54
2013,9,22,Sun,5.59,0,0,74,70,68.7,63,78
2013,9,23,Mon,12.3,0.53,0,70,63,68.3,61,68
2013,9,24,Tues,10.07,0.11,0,63,61,68,64,71
2013,9,25,Wed,5.82,0,0,61,64,67.6,61,81
2013,9,26,Thurs,6.71,0.08,0,64,61,67.2,63,71
2013,9,27,Fri,4.92,0,0,61,63,66.8,57,74
2013,9,28,Sat,9.62,0.04,0,63,57,66.5,62,85
2013,9,29,Sun,13.42,1.71,0,57,62,66.1,58,67
2013,9,30,Mon,15.88,0.66,0,62,58,65.7,57,60
2013,10,1,Tues,14.09,0.73,0,58,57,65.3,58,75
2013,10,2,Wed,10.51,0.31,0,57,58,64.9,55,59
2013,10,3,Thurs,5.37,0.21,0,58,55,64.5,58,79
2013,10,4,Fri,2.01,0.03,0,55,58,64.1,64,76
2013,10,5,Sat,2.46,0,0,58,64,63.7,68,45
2013,10,6,Sun,3.58,0,0,64,68,63.3,73,50
2013,10,7,Mon,5.82,0.16,0,68,73,62.9,61,65
2013,10,8,Tues,14.09,0.02,0,73,61,62.5,57,69
2013,10,9,Wed,6.71,0.27,0,61,57,62.1,59,52
2013,10,10,Thurs,3.58,0,0,57,59,61.8,58,51
2013,10,11,Fri,3.8,0.04,0,59,58,61.4,57,56
2013,10,12,Sat,2.24,0.36,0,58,57,61,58,70
2013,10,13,Sun,4.92,0.04,0,57,58,60.6,59,71
2013,10,14,Mon,4.03,0,0,58,59,60.2,60,47
2013,10,15,Tues,3.58,0,0,59,60,59.9,60,66
2013,10,16,Wed,2.01,0,0,60,60,59.5,55,59
2013,10,17,Thurs,6.04,0,0,60,55,59.1,58,77
2013,10,18,Fri,3.8,0,0,55,58,58.8,55,42
2013,10,19,Sat,2.68,0,0,58,55,58.4,51,55
2013,10,20,Sun,3.13,0,0,55,51,58.1,51,68
2013,10,21,Mon,5.37,0,0,51,51,57.8,53,42
2013,10,22,Tues,5.59,0,0,51,53,57.4,58,76
2013,10,23,Wed,4.25,0,0,53,58,57.1,55,58
2013,10,24,Thurs,0.89,0,0,58,55,56.8,50,57
2013,10,25,Fri,1.34,0,0,55,50,56.5,54,72
2013,10,26,Sat,4.03,0,0,50,54,56.2,53,59
2013,10,27,Sun,6.04,0,0,54,53,55.9,57,58
2013,10,28,Mon,9.84,0.07,0,53,57,55.6,58,52
2013,10,29,Tues,11.41,0,0,57,58,55.3,56,49
2013,10,30,Wed,4.92,0,0,58,56,55,59,66
2013,10,31,Thurs,8.72,0.02,0,56,59,54.8,58,41
2013,11,1,Fri,4.92,0.01,0,59,58,54.5,64,52
2013,11,2,Sat,3.13,0.05,0,58,64,54.2,58,40
2013,11,3,Sun,17.67,0.5,0,64,58,53.9,54,62
2013,11,4,Mon,5.37,0.02,0,58,54,53.7,51,40
2013,11,5,Tues,3.58,0,0,54,51,53.4,56,73
2013,11,6,Wed,6.93,0.1,0,51,56,53.2,55,45
2013,11,7,Thurs,3.8,0.15,0,56,55,52.9,52,67
2013,11,8,Fri,16.11,1.18,0,55,52,52.7,56,51
2013,11,9,Sat,9.17,0,0,52,56,52.4,52,58
2013,11,10,Sun,3.13,0.07,0,56,52,52.2,52,67
2013,11,11,Mon,9.84,0,0,52,52,51.9,61,43
2013,11,12,Tues,5.82,0,0,52,61,51.7,60,67
2013,11,13,Wed,4.92,0.16,0,61,60,51.4,57,39
2013,11,14,Thurs,8.5,0,0,60,57,51.2,52,48
2013,11,15,Fri,2.46,0.05,0,57,52,51,51,70
2013,11,16,Sat,13.42,0.12,0,52,51,50.7,50,33
2013,11,17,Sun,10.29,0,0,51,50,50.5,53,57
2013,11,18,Mon,12.08,0.21,0,50,53,50.3,55,35
2013,11,19,Tues,8.72,1.03,0,53,55,50,56,62
2013,11,20,Wed,11.41,0.04,0,55,56,49.8,46,53
2013,11,21,Thurs,9.62,0,0,56,46,49.5,46,41
2013,11,22,Fri,8.05,0,0,46,46,49.3,49,50
2013,11,23,Sat,10.29,0,0,46,49,49.1,52,43
2013,11,24,Sun,5.82,0,0,49,52,48.9,53,30
2013,11,25,Mon,2.01,0,0,52,53,48.6,54,64
2013,11,26,Tues,1.12,0,0,53,54,48.4,54,65
2013,11,27,Wed,2.24,0,0,54,54,48.2,58,29
2013,11,28,Thurs,2.91,0,0,54,58,48,53,47
2013,11,29,Fri,1.57,0,0,58,53,47.8,49,57
2013,11,30,Sat,4.7,0.02,0,53,49,47.6,52,63
2013,12,1,Sun,8.72,0.09,0,49,52,47.4,56,64
2013,12,2,Mon,19.69,0.12,0,52,56,47.2,46,61
2013,12,3,Tues,7.83,0.18,0,56,46,47,41,35
2013,12,4,Wed,12.53,0,0,46,41,46.8,40,40
2013,12,5,Thurs,3.58,0,0,41,40,46.6,34,64
2013,12,6,Fri,5.82,0,0,40,34,46.4,34,45
2013,12,7,Sat,10.51,0,0,34,34,46.3,32,54
2013,12,8,Sun,6.93,0,0,34,32,46.1,36,56
2013,12,9,Mon,4.92,0,0,32,36,46,34,33
2013,12,10,Tues,2.91,0,0,36,34,45.9,42,57
2013,12,11,Wed,3.36,0,0,34,42,45.7,41,37
2013,12,12,Thurs,1.79,0,0,42,41,45.6,42,47
2013,12,13,Fri,5.14,0.27,0,41,42,45.5,49,39
2013,12,14,Sat,6.49,0.02,0,42,49,45.4,49,55
2013,12,15,Sun,8.28,0,0,49,49,45.3,53,32
2013,12,16,Mon,8.72,0.05,0,49,53,45.3,50,37
2013,12,17,Tues,2.24,0.01,0,53,50,45.2,47,56
2013,12,18,Wed,6.04,0,0,50,47,45.2,46,57
2013,12,19,Thurs,6.26,0.05,0,47,46,45.1,41,26
2013,12,20,Fri,4.7,0,0,46,41,45.1,47,40
2013,12,21,Sat,8.28,0.22,0,41,47,45.1,48,51
2013,12,22,Sun,5.14,0.22,0,47,48,45.1,51,44
2013,12,23,Mon,8.95,0.42,0,48,51,45.1,53,28
2013,12,24,Tues,13.2,0.06,0,51,53,45.1,47,31
2013,12,25,Wed,3.8,0,0,53,47,45.1,44,53
2013,12,26,Thurs,1.79,0,0,47,44,45.2,44,36
2013,12,27,Fri,1.12,0,0,44,44,45.2,48,33
2013,12,28,Sat,4.7,0.01,0,44,48,45.3,49,43
2013,12,29,Sun,2.91,0,0,48,49,45.3,45,46
2013,12,30,Mon,2.46,0,0,49,45,45.4,48,49
2013,12,31,Tues,5.82,0.01,0,45,48,45.5,47,56
2014,1,1,Wed,3.8,0.02,0,48,47,45.6,45,50
2014,1,2,Thurs,2.68,0,0,47,45,45.7,51,33
2014,1,3,Fri,7.16,0.16,0,45,51,45.8,48,65
2014,1,4,Sat,5.82,0.06,0,51,48,45.9,46,53
2014,1,5,Sun,6.04,0,0,48,46,46,47,39
2014,1,6,Mon,8.28,0,0,46,47,46.1,46,28
2014,1,7,Tues,5.82,0.01,0,47,46,46.2,47,58
2014,1,8,Wed,3.58,0.48,0,46,47,46.3,50,43
2014,1,9,Thurs,10.29,0.38,0,47,50,46.4,49,61
2014,1,10,Fri,14.09,0.23,0,50,49,46.5,55,49
2014,1,11,Sat,15.66,0.17,0,49,55,46.7,58,36
2014,1,12,Sun,19.69,0.84,0,55,58,46.8,52,38
2014,1,13,Mon,18.12,0.06,0,58,52,46.9,51,39
2014,1,14,Tues,15.88,0,0,52,51,47,52,36
2014,1,15,Wed,2.91,0,0,51,52,47.1,52,54
2014,1,16,Thurs,5.59,0,0,52,52,47.3,44,43
2014,1,17,Fri,6.04,0,0,52,44,47.4,42,35
2014,1,18,Sat,5.14,0,0,44,42,47.5,49,48
2014,1,19,Sun,4.92,0,0,42,49,47.6,43,56
2014,1,20,Mon,5.59,0,0,49,43,47.7,50,38
2014,1,21,Tues,4.92,0,0,43,50,47.8,50,68
2014,1,22,Wed,3.36,0,0,50,50,47.9,49,43
2014,1,23,Thurs,5.82,0.02,0,50,49,48,50,31
2014,1,24,Fri,11.63,0,0,49,50,48.1,55,30
2014,1,25,Sat,4.25,0,0,50,55,48.2,54,62
2014,1,26,Sun,1.79,0,0,55,54,48.3,47,29
2014,1,27,Mon,2.91,0,0,54,47,48.4,49,31
2014,1,28,Tues,2.91,0,0,47,49,48.4,52,30
2014,1,29,Wed,3.58,0.35,0,49,52,48.5,52,48
2014,1,30,Thurs,7.61,0.85,0,52,52,48.6,47,30
2014,1,31,Fri,14.32,0,0,52,47,48.7,46,29
2014,2,1,Sat,5.82,0.09,0,47,46,48.8,46,61
2014,2,2,Sun,1.79,0.08,0,46,46,48.8,48,54
2014,2,3,Mon,5.59,0,0,46,48,48.9,41,38
2014,2,4,Tues,9.62,0,0,48,41,49,37,69
2014,2,5,Wed,10.51,0,0,41,37,49.1,31,45
2014,2,6,Thurs,14.76,0,0,37,31,49.1,29,61
2014,2,7,Fri,10.07,0,0,31,29,49.2,38,67
2014,2,8,Sat,9.4,0,0,29,38,49.3,42,46
2014,2,9,Sun,10.29,0.2,0,38,42,49.4,39,65
2014,2,10,Mon,5.37,0.02,3,42,39,49.4,50,31
2014,2,11,Tues,10.51,0.72,0,39,50,49.5,54,32
2014,2,12,Wed,8.5,0.67,0,50,54,49.6,54,55
2014,2,13,Thurs,14.32,0.18,0,54,54,49.7,55,67
2014,2,14,Fri,14.09,0.07,0,54,55,49.8,53,41
2014,2,15,Sat,14.32,0.37,0,55,53,49.9,52,54
2014,2,16,Sun,11.41,0.46,0,53,52,49.9,49,62
2014,2,17,Mon,17.67,1.04,0,52,49,50,47,34
2014,2,18,Tues,12.3,0.57,0,49,47,50.1,48,62
2014,2,19,Wed,13.87,0.6,0,47,48,50.2,47,60
2014,2,20,Thurs,13.42,0.04,0,48,47,50.4,50,55
2014,2,21,Fri,15.43,0.12,0,47,50,50.5,44,43
2014,2,22,Sat,6.49,0.11,0,50,44,50.6,42,70
2014,2,23,Sun,6.93,0.1,0,44,42,50.7,45,39
2014,2,24,Mon,5.82,0.24,0,42,45,50.8,44,38
2014,2,25,Tues,7.16,0.51,0,45,44,50.9,54,59
2014,2,26,Wed,10.07,0.01,0,44,54,51.1,57,55
2014,2,27,Thurs,5.59,0,0,54,57,51.2,55,52
2014,2,28,Fri,5.14,0,0,57,55,51.3,58,63
2014,3,1,Sat,13.2,0,0,55,58,51.5,45,49
2014,3,2,Sun,10.51,0.02,0,58,45,51.6,52,70
2014,3,3,Mon,12.75,0.75,0,45,52,51.8,58,62
2014,3,4,Tues,11.41,0.42,0,52,58,51.9,57,48
2014,3,5,Wed,8.72,0.65,0,58,57,52.1,60,32
2014,3,6,Thurs,8.72,1.84,0,57,60,52.2,56,43
2014,3,7,Fri,13.87,0.12,0,60,56,52.4,60,62
2014,3,8,Sat,9.4,0,0,56,60,52.5,55,62
2014,3,9,Sun,6.04,1.27,0,60,55,52.7,59,46
2014,3,10,Mon,9.62,0.17,0,55,59,52.8,54,69
2014,3,11,Tues,4.92,0.74,0,59,54,53,58,71
2014,3,12,Wed,5.14,0,0,54,58,53.1,61,34
2014,3,13,Thurs,4.25,0,0,58,61,53.3,57,72
2014,3,14,Fri,5.59,0.02,0,61,57,53.4,58,55
2014,3,15,Sat,13.65,0.27,0,57,58,53.6,62,54
2014,3,16,Sun,6.71,0.32,0,58,62,53.7,51,48
2014,3,17,Mon,8.5,1.09,0,62,51,53.9,50,69
2014,3,18,Tues,7.16,0.01,0,51,50,54,50,35
2014,3,19,Wed,3.58,0,0,50,50,54.2,52,37
2014,3,20,Thurs,11.41,0.02,0,50,52,54.3,52,58
2014,3,21,Fri,6.71,0,0,52,52,54.5,51,49
2014,3,22,Sat,8.5,0,0,52,51,54.6,52,67
2014,3,23,Sun,4.03,0,0,51,52,54.7,55,51
2014,3,24,Mon,7.38,0,0,52,55,54.9,66,41
2014,3,25,Tues,4.92,0,0,55,66,55,57,68
2014,3,26,Wed,9.84,0.16,0,66,57,55.2,52,64
2014,3,27,Thurs,5.37,0.14,0,57,52,55.3,54,73
2014,3,28,Fri,6.26,0.01,0,52,54,55.5,53,49
2014,3,29,Sat,8.72,0.87,0,54,53,55.6,53,68
2014,3,30,Sun,11.41,0.55,0,53,53,55.7,52,71
2014,3,31,Mon,11.41,0,0,53,52,55.9,60,73
2014,4,1,Tues,8.5,0,0,52,60,56,58,55
2014,4,2,Wed,6.26,0,0,60,58,56.2,58,53
2014,4,3,Thurs,9.4,0,0,58,58,56.3,56,57
2014,4,4,Fri,8.72,0.1,0,58,56,56.5,55,62
2014,4,5,Sat,10.51,0,0,56,55,56.6,53,56
2014,4,6,Sun,9.62,0.18,0,55,53,56.8,57,46
2014,4,7,Mon,5.82,0,0,53,57,56.9,70,46
2014,4,8,Tues,5.59,0,0,57,70,57.1,60,55
2014,4,9,Wed,9.4,0.18,0,70,60,57.2,58,54
2014,4,10,Thurs,6.49,0,0,60,58,57.4,59,54
2014,4,11,Fri,8.05,0,0,58,59,57.6,63,46
2014,4,12,Sat,6.26,0,0,59,63,57.7,61,53
2014,4,13,Sun,9.84,0,0,63,61,57.9,69,69
2014,4,14,Mon,6.93,0,0,61,69,58.1,68,60
2014,4,15,Tues,5.82,0,0,69,68,58.3,58,44
2014,4,16,Wed,8.95,0.02,0,68,58,58.5,52,76
2014,4,17,Thurs,10.29,0.43,0,58,52,58.6,53,69
2014,4,18,Fri,10.51,0.73,0,52,53,58.8,58,62
2014,4,19,Sat,8.5,0,0,53,58,59,53,43
2014,4,20,Sun,10.51,0.54,0,58,53,59.2,60,63
2014,4,21,Mon,6.04,0,0,53,60,59.4,63,42
2014,4,22,Tues,5.59,0.2,0,60,63,59.7,54,54
2014,4,23,Wed,9.4,0.56,0,63,54,59.9,53,47
2014,4,24,Thurs,11.18,0.35,0,54,53,60.1,57,59
2014,4,25,Fri,11.86,0.49,0,53,57,60.3,58,41
2014,4,26,Sat,5.14,0,0,57,58,60.5,59,69
2014,4,27,Sun,8.72,0.13,0,58,59,60.7,52,41
2014,4,28,Mon,12.97,0.27,0,59,52,61,61,46
2014,4,29,Tues,5.82,0,0,52,61,61.2,77,70
2014,4,30,Wed,5.14,0,0,61,77,61.4,82,56
2014,5,1,Thurs,8.72,0,0,77,82,61.6,85,61
2014,5,2,Fri,6.71,0,0,82,85,61.9,65,68
2014,5,3,Sat,10.51,0,0,85,65,62.1,59,55
2014,5,4,Sun,7.61,1.31,0,65,59,62.3,58,56
2014,5,5,Mon,9.4,0.63,0,59,58,62.5,60,44
2014,5,6,Tues,8.5,0.2,0,58,60,62.8,62,44
2014,5,7,Wed,5.82,0,0,60,62,63,65,80
2014,5,8,Thurs,3.8,0,0,62,65,63.2,57,53
2014,5,9,Fri,7.61,0.54,0,65,57,63.4,56,76
2014,5,10,Sat,12.53,0.08,0,57,56,63.6,60,58
2014,5,11,Sun,4.7,0.02,0,56,60,63.8,66,76
2014,5,12,Mon,3.8,0,0,60,66,64.1,76,64
2014,5,13,Tues,6.04,0,0,66,76,64.3,80,82
2014,5,14,Wed,8.5,0,0,76,80,64.5,82,80
2014,5,15,Thurs,7.38,0,0,80,82,64.7,80,55
2014,5,16,Fri,6.71,0,0,82,80,64.8,68,65
2014,5,17,Sat,9.17,0,0,80,68,65,68,77
2014,5,18,Sun,7.16,0,0,68,68,65.2,68,85
2014,5,19,Mon,7.16,0,0,68,68,65.4,70,78
2014,5,20,Tues,4.92,0,0,68,70,65.6,72,56
2014,5,21,Wed,6.04,0,0,70,72,65.7,68,46
2014,5,22,Thurs,3.8,0,0,72,68,65.9,76,67
2014,5,23,Fri,5.59,0,0,68,76,66.1,68,70
2014,5,24,Sat,8.95,0.15,0,76,68,66.2,65,61
2014,5,25,Sun,5.37,0,0,68,65,66.4,59,63
2014,5,26,Mon,3.13,0.22,0,65,59,66.5,65,65
2014,5,27,Tues,10.07,0,0,59,65,66.7,68,56
2014,5,28,Wed,5.59,0,0,65,68,66.8,66,54
2014,5,29,Thurs,7.61,0,0,68,66,67,66,48
2014,5,30,Fri,9.62,0,0,66,66,67.1,69,52
2014,5,31,Sat,10.07,0,0,66,69,67.3,74,53
2014,6,1,Sun,4.92,0,0,69,74,67.4,72,50
2014,6,2,Mon,5.14,0,0,74,72,67.6,74,68
2014,6,3,Tues,5.37,0,0,72,74,67.7,65,75
2014,6,4,Wed,7.16,0,0,74,65,67.9,67,75
2014,6,5,Thurs,5.82,0,0,65,67,68,72,85
2014,6,6,Fri,5.37,0,0,67,72,68.2,77,60
2014,6,7,Sat,7.16,0,0,72,77,68.3,76,59
2014,6,8,Sun,6.93,0,0,77,76,68.5,74,53
2014,6,9,Mon,4.7,0,0,76,74,68.6,70,88
2014,6,10,Tues,8.05,0,0,74,70,68.8,68,53
2014,6,11,Wed,6.49,0,0,70,68,69,75,63
2014,6,12,Thurs,6.04,0,0,68,75,69.1,71,58
2014,6,13,Fri,8.95,0.07,0,75,71,69.3,60,69
2014,6,14,Sat,11.18,0.25,0,71,60,69.5,64,57
2014,6,15,Sun,7.16,0,0,60,64,69.7,65,74
2014,6,16,Mon,8.05,0.02,0,64,65,69.8,64,76
2014,6,17,Tues,5.37,0.14,0,65,64,70,64,58
2014,6,18,Wed,6.71,0.05,0,64,64,70.2,66,86
2014,6,19,Thurs,6.04,0,0,64,66,70.4,78,81
2014,6,20,Fri,8.28,0.03,0,66,78,70.6,68,75
2014,6,21,Sat,7.61,0.01,0,78,68,70.8,72,58
2014,6,22,Sun,8.05,0,0,68,72,71,77,68
2014,6,23,Mon,6.04,0,0,72,77,71.3,77,82
2014,6,24,Tues,5.59,0,0,77,77,71.5,76,79
2014,6,25,Wed,5.59,0,0,77,76,71.7,79,64
2014,6,26,Thurs,5.37,0,0,76,79,71.9,70,63
2014,6,27,Fri,9.17,0,0,79,70,72.2,70,76
2014,6,28,Sat,10.07,0.07,0,70,70,72.4,68,61
2014,6,29,Sun,9.62,0.09,0,70,68,72.6,69,90
2014,6,30,Mon,7.16,0,0,68,69,72.8,78,93
2014,7,1,Tues,9.84,0,0,69,78,73.1,94,65
2014,7,2,Wed,7.83,0,0,78,94,73.3,81,68
2014,7,3,Thurs,8.05,0,0,94,81,73.5,71,70
2014,7,4,Fri,6.93,0,0,81,71,73.8,75,90
2014,7,5,Sat,8.05,0,0,71,75,74,76,71
2014,7,6,Sun,4.92,0,0,75,76,74.2,84,90
2014,7,7,Mon,6.71,0,0,76,84,74.4,81,79
2014,7,8,Tues,9.17,0,0,84,81,74.6,86,69
2014,7,9,Wed,7.83,0,0,81,86,74.9,80,86
2014,7,10,Thurs,5.14,0,0,86,80,75.1,84,86
2014,7,11,Fri,4.92,0,0,80,84,75.3,88,74
2014,7,12,Sat,4.92,0,0,84,88,75.4,90,74
2014,7,13,Sun,4.92,0,0,88,90,75.6,85,89
2014,7,14,Mon,5.82,0,0,90,85,75.8,82,78
2014,7,15,Tues,6.26,0,0,85,82,76,88,63
2014,7,16,Wed,5.14,0,0,82,88,76.1,88,84
2014,7,17,Thurs,5.37,0,0,88,88,76.3,80,89
2014,7,18,Fri,8.28,0,0,88,80,76.4,75,70
2014,7,19,Sat,6.26,0,0,80,75,76.6,78,84
2014,7,20,Sun,12.08,0,0,75,78,76.7,67,80
2014,7,21,Mon,6.26,0,0,78,67,76.8,75,77
2014,7,22,Tues,4.92,0,0,67,75,76.9,70,93
2014,7,23,Wed,2.46,0.01,0,75,70,77,66,64
2014,7,24,Thurs,7.38,0.76,0,70,66,77.1,69,73
2014,7,25,Fri,10.51,0,0,66,69,77.1,73,93
2014,7,26,Sat,6.04,0,0,69,73,77.2,79,90
2014,7,27,Sun,8.05,0,0,73,79,77.3,83,64
2014,7,28,Mon,9.17,0,0,79,83,77.3,87,61
2014,7,29,Tues,8.28,0,0,83,87,77.3,86,82
2014,7,30,Wed,6.26,0,0,87,86,77.3,85,64
2014,7,31,Thurs,7.61,0,0,86,85,77.4,87,60
2014,8,1,Fri,9.17,0,0,85,87,77.4,84,64
2014,8,2,Sat,7.38,0,0,87,84,77.4,85,63
2014,8,3,Sun,3.8,0.02,0,84,85,77.3,89,92
2014,8,4,Mon,5.82,0,0,85,89,77.3,91,64
2014,8,5,Tues,5.82,0,0,89,91,77.3,77,81
2014,8,6,Wed,6.04,0,0,91,77,77.2,79,90
2014,8,7,Thurs,4.92,0,0,77,79,77.2,78,72
2014,8,8,Fri,5.37,0,0,79,78,77.1,78,59
2014,8,9,Sat,6.49,0,0,78,78,77.1,81,73
2014,8,10,Sun,9.17,0,0,78,81,77,87,85
2014,8,11,Mon,7.61,0,0,81,87,76.9,96,68
2014,8,12,Tues,5.82,0.02,0,87,96,76.9,81,86
2014,8,13,Wed,6.93,0.5,0,96,81,76.8,74,80
2014,8,14,Thurs,6.04,0.85,0,81,74,76.7,70,88
2014,8,15,Fri,1.34,0,0,74,70,76.6,76,89
2014,8,16,Sat,3.36,0.04,0,70,76,76.5,78,71
2014,8,17,Sun,4.92,0,0,76,78,76.4,82,89
2014,8,18,Mon,6.26,0,0,78,82,76.3,85,56
2014,8,19,Tues,7.38,0,0,82,85,76.2,81,86
2014,8,20,Wed,5.37,0,0,85,81,76.1,71,84
2014,8,21,Thurs,8.05,0,0,81,71,75.9,70,73
2014,8,22,Fri,3.8,0,0,71,70,75.8,75,71
2014,8,23,Sat,6.49,0,0,70,75,75.7,82,61
2014,8,24,Sun,4.47,0,0,75,82,75.5,77,64
2014,8,25,Mon,5.14,0,0,82,77,75.4,84,83
2014,8,26,Tues,4.47,0,0,77,84,75.3,88,71
2014,8,27,Wed,4.03,0,0,84,88,75.1,84,57
2014,8,28,Thurs,3.58,0,0,88,84,75,74,63
2014,8,29,Fri,5.14,0,0,84,74,74.8,73,78
2014,8,30,Sat,7.61,0,0,74,73,74.6,64,79
2014,8,31,Sun,4.92,0.33,0,73,64,74.4,70,83
2014,9,1,Mon,4.25,0.05,0,64,70,74.3,74,94
2014,9,2,Tues,5.59,0,0,70,74,74.1,68,75
2014,9,3,Wed,9.62,0.12,0,74,68,73.9,69,82
2014,9,4,Thurs,6.04,0,0,68,69,73.7,75,72
2014,9,5,Fri,6.93,0,0,69,75,73.5,82,92
2014,9,6,Sat,14.54,0,0,75,82,73.3,90,90
2014,9,7,Sun,6.49,0,0,82,90,73,83,88
2014,9,8,Mon,4.7,0,0,90,83,72.8,70,71
2014,9,9,Tues,6.26,0,0,83,70,72.6,71,65
2014,9,10,Wed,5.14,0,0,70,71,72.3,72,71
2014,9,11,Thurs,8.72,0,0,71,72,72.1,76,72
2014,9,12,Fri,11.86,0,0,72,76,71.8,76,59
2014,9,13,Sat,13.2,0,0,76,76,71.5,83,91
2014,9,14,Sun,9.4,0,0,76,83,71.2,86,59
2014,9,15,Mon,4.03,0,0,83,86,71,87,80
2014,9,16,Tues,2.68,0,0,86,87,70.7,72,58
2014,9,17,Wed,6.26,0,0,87,72,70.3,73,86
2014,9,18,Thurs,5.14,0.02,0,72,73,70,67,57
2014,9,19,Fri,6.93,0.01,0,73,67,69.7,75,54
2014,9,20,Sat,6.26,0,0,67,75,69.4,76,84
2014,9,21,Sun,9.84,0,0,75,76,69,79,86
2014,9,22,Mon,6.71,0,0,76,79,68.7,72,76
2014,9,23,Tues,4.7,0.01,0,79,72,68.3,66,71
2014,9,24,Wed,5.59,0.72,0,72,66,68,66,54
2014,9,25,Thurs,6.04,0.8,0,66,66,67.6,71,80
2014,9,26,Fri,5.59,0.17,0,66,71,67.2,68,84
2014,9,27,Sat,7.38,0.35,0,71,68,66.8,69,53
2014,9,28,Sun,7.16,0,0,68,69,66.5,66,52
2014,9,29,Mon,4.47,0,0,69,66,66.1,62,77
2014,9,30,Tues,7.83,0.03,0,66,62,65.7,67,74
2014,10,1,Wed,5.82,0,0,62,67,65.3,65,61
2014,10,2,Thurs,4.7,0,0,67,65,64.9,67,84
2014,10,3,Fri,4.47,0,0,65,67,64.5,72,73
2014,10,4,Sat,2.24,0,0,67,72,64.1,71,63
2014,10,5,Sun,2.68,0,0,72,71,63.7,75,81
2014,10,6,Mon,3.13,0,0,71,75,63.3,78,75
2014,10,7,Tues,5.59,0,0,75,78,62.9,66,61
2014,10,8,Wed,2.24,0,0,78,66,62.5,69,80
2014,10,9,Thurs,4.03,0,0,66,69,62.1,63,75
2014,10,10,Fri,2.24,0,0,69,63,61.8,65,58
2014,10,11,Sat,8.5,0.01,0,63,65,61.4,65,68
2014,10,12,Sun,7.83,0.29,0,65,65,61,64,61
2014,10,13,Mon,4.7,0,0,65,64,60.6,70,77
2014,10,14,Tues,6.93,0.3,0,64,70,60.2,62,74
2014,10,15,Wed,4.92,0.28,0,70,62,59.9,61,58
2014,10,16,Thurs,10.51,0.34,0,62,61,59.5,69,67
2014,10,17,Fri,7.38,0,0,61,69,59.1,62,40
2014,10,18,Sat,6.71,0.13,0,69,62,58.8,67,75
2014,10,19,Sun,4.25,0.59,0,62,67,58.4,72,52
2014,10,20,Mon,7.16,0,0,67,72,58.1,61,62
2014,10,21,Tues,6.93,0.46,0,72,61,57.8,61,54
2014,10,22,Wed,10.51,0.04,0,61,61,57.4,60,43
2014,10,23,Thurs,11.18,1.26,0,61,60,57.1,58,75
2014,10,24,Fri,10.29,0.37,0,60,58,56.8,58,46
2014,10,25,Sat,7.16,0.16,0,58,58,56.5,62,51
2014,10,26,Sun,12.08,0.24,0,58,62,56.2,55,52
2014,10,27,Mon,11.18,0.06,0,62,55,55.9,60,44
2014,10,28,Tues,5.37,0.03,0,55,60,55.6,59,49
2014,10,29,Wed,8.72,0.5,0,60,59,55.3,62,52
2014,10,30,Thurs,6.93,0.02,0,59,62,55,60,62
2014,10,31,Fri,7.16,1,0,62,60,54.8,55,69
2014,11,1,Sat,4.47,0.67,0,60,55,54.5,52,64
2014,11,2,Sun,2.68,0,0,55,52,54.2,56,69
2014,11,3,Mon,6.49,0.07,0,52,56,53.9,57,44
2014,11,4,Tues,10.74,0.43,0,56,57,53.7,58,34
2014,11,5,Wed,7.38,0.16,0,57,58,53.4,59,34
2014,11,6,Thurs,4.7,0.19,0,58,59,53.2,62,70
2014,11,7,Fri,14.99,0.16,0,59,62,52.9,58,39
2014,11,8,Sat,5.14,0,0,62,58,52.7,55,67
2014,11,9,Sun,1.79,0,0,58,55,52.4,56,35
2014,11,10,Mon,6.71,0.2,0,55,56,52.2,52,39
2014,11,11,Tues,8.72,0,0,56,52,51.9,46,32
2014,11,12,Wed,17.22,0,0,52,46,51.7,44,35
2014,11,13,Thurs,17,0,0,46,44,51.4,45,45
2014,11,14,Fri,10.51,0,0,44,45,51.2,45,63
2014,11,15,Sat,10.07,0,0,45,45,51,47,63
2014,11,16,Sun,9.4,0,0,45,47,50.7,49,53
2014,11,17,Mon,9.4,0,0,47,49,50.5,51,50
2014,11,18,Tues,4.25,0,0,49,51,50.3,45,33
2014,11,19,Wed,2.01,0,0,51,45,50,52,47
2014,11,20,Thurs,4.25,0,0,45,52,49.8,52,61
2014,11,21,Fri,4.7,0.14,0,52,52,49.5,52,67
2014,11,22,Sat,10.51,0.6,0,52,52,49.3,49,38
2014,11,23,Sun,10.51,0.02,0,52,49,49.1,55,58
2014,11,24,Mon,11.41,0.47,0,49,55,48.9,53,68
2014,11,25,Tues,8.5,0.05,0,55,53,48.6,57,54
2014,11,26,Wed,10.07,0.72,0,53,57,48.4,59,58
2014,11,27,Thurs,8.72,0.01,0,57,59,48.2,58,51
2014,11,28,Fri,14.76,0.13,0,59,58,48,55,38
2014,11,29,Sat,12.97,1.35,0,58,55,47.8,40,32
2014,11,30,Sun,11.86,0.14,0,55,40,47.6,37,44
2014,12,1,Mon,9.84,0,0,40,37,47.4,40,43
2014,12,2,Tues,4.92,0,0,37,40,47.2,42,37
2014,12,3,Wed,12.75,0,0,40,42,47,50,30
2014,12,4,Thurs,8.05,0,0,42,50,46.8,47,56
2014,12,5,Fri,2.46,0.03,0,50,47,46.6,55,48
2014,12,6,Sat,6.93,0.12,0,47,55,46.4,53,27
2014,12,7,Sun,8.05,0.29,0,55,53,46.3,58,35
2014,12,8,Mon,6.26,0,0,53,58,46.1,58,60
2014,12,9,Tues,9.4,0.36,0,58,58,46,61,56
2014,12,10,Wed,11.41,0.39,0,58,61,45.9,66,61
2014,12,11,Thurs,14.99,0.51,0,61,66,45.7,58,65
2014,12,12,Fri,14.32,0.27,0,66,58,45.6,52,32
2014,12,13,Sat,8.28,0,0,58,52,45.5,50,33
2014,12,14,Sun,2.46,0,0,52,50,45.4,55,49
2014,12,15,Mon,7.83,0,0,50,55,45.3,54,50
2014,12,16,Tues,13.2,0,0,55,54,45.3,50,30
2014,12,17,Wed,8.95,0,0,54,50,45.2,48,31
2014,12,18,Thurs,3.58,0.11,0,50,48,45.2,49,58
2014,12,19,Fri,6.93,0.51,0,48,49,45.1,52,60
2014,12,20,Sat,9.62,0.12,0,49,52,45.1,55,32
2014,12,21,Sun,12.3,0.77,0,52,55,45.1,55,31
2014,12,22,Mon,11.63,0,0,55,55,45.1,51,61
2014,12,23,Tues,3.36,0,0,55,51,45.1,54,32
2014,12,24,Wed,8.5,0.81,0,51,54,45.1,45,38
2014,12,25,Thurs,4.03,0.21,0,54,45,45.1,46,41
2014,12,26,Fri,4.92,0,0,45,46,45.2,42,54
2014,12,27,Sat,2.68,0,0,46,42,45.2,49,59
2014,12,28,Sun,10.96,0.13,0,42,49,45.3,44,41
2014,12,29,Mon,4.03,0.16,0,49,44,45.3,43,49
2014,12,30,Tues,9.62,0,0,44,43,45.4,38,28
2014,12,31,Wed,8.05,0,0,43,38,45.5,38,59
2015,1,1,Thurs,6.71,0,0,38,38,45.6,42,49
2015,1,2,Fri,2.68,0,0,38,42,45.7,42,33
2015,1,3,Sat,5.14,0.06,0,42,42,45.8,41,57
2015,1,4,Sun,3.8,0,0,42,41,45.9,51,54
2015,1,5,Mon,10.07,0.4,0,41,51,46,54,44
2015,1,6,Tues,14.32,0.32,0,51,54,46.1,54,55
2015,1,7,Wed,2.91,0,0,54,54,46.2,46,40
2015,1,8,Thurs,3.58,0,0,54,46,46.3,46,31
2015,1,9,Fri,5.82,0,0,46,46,46.4,50,62
2015,1,10,Sat,1.34,0.01,0,46,50,46.5,46,62
2015,1,11,Sun,1.12,0.23,0,50,46,46.7,49,54
2015,1,12,Mon,2.46,0.06,0,46,49,46.8,52,43
2015,1,13,Tues,3.58,0,0,49,52,46.9,49,66
2015,1,14,Wed,6.04,0,0,52,49,47,43,31
2015,1,15,Thurs,6.26,0,0,49,43,47.1,46,36
2015,1,16,Fri,7.16,0.38,0,43,46,47.3,53,35
2015,1,17,Sat,10.07,0,0,46,53,47.4,56,54
2015,1,18,Sun,6.26,1.03,0,53,56,47.5,57,31
2015,1,19,Mon,14.76,0.84,0,56,57,47.6,50,39
2015,1,20,Tues,6.26,0.02,0,57,50,47.7,50,51
2015,1,21,Wed,6.71,0,0,50,50,47.8,45,66
2015,1,22,Thurs,2.91,0,0,50,45,47.9,49,59
2015,1,23,Fri,2.91,0.03,0,45,49,48,54,54
2015,1,24,Sat,5.82,0.23,0,49,54,48.1,58,66
2015,1,25,Sun,7.38,0.02,0,54,58,48.2,63,66
2015,1,26,Mon,3.13,0,0,58,63,48.3,61,48
2015,1,27,Tues,4.92,0,0,63,61,48.4,52,48
2015,1,28,Wed,4.47,0.03,0,61,52,48.4,54,49
2015,1,29,Thurs,4.03,0,0,52,54,48.5,54,63
2015,1,30,Fri,6.49,0,0,54,54,48.6,47,51
2015,1,31,Sat,1.79,0,0,54,47,48.7,45,66
2015,2,1,Sun,4.25,0,0,47,45,48.8,49,35
2015,2,2,Mon,5.82,0.06,0,45,49,48.8,52,37
2015,2,3,Tues,8.95,0.29,0,49,52,48.9,50,67
2015,2,4,Wed,4.25,0.05,0,52,50,49,51,67
2015,2,5,Thurs,3.8,0.33,0,50,51,49.1,56,50
2015,2,6,Fri,10.29,1.03,0,51,56,49.1,58,56
2015,2,7,Sat,10.07,0.68,0,56,58,49.2,54,35
2015,2,8,Sun,10.29,0.93,0,58,54,49.3,59,46
2015,2,9,Mon,8.72,0.14,0,54,59,49.4,56,34
2015,2,10,Tues,5.59,0.24,0,59,56,49.4,55,47
2015,2,11,Wed,8.95,0.01,0,56,55,49.5,55,61
2015,2,12,Thurs,2.24,0,0,55,55,49.6,62,48
2015,2,13,Fri,4.7,0.04,0,55,62,49.7,60,59
2015,2,14,Sat,3.8,0,0,62,60,49.8,58,49
2015,2,15,Sun,6.49,0.01,0,60,58,49.9,54,32
2015,2,16,Mon,10.74,0,0,58,54,49.9,59,63
2015,2,17,Tues,14.76,0,0,54,59,50,61,30
2015,2,18,Wed,8.95,0,0,59,61,50.1,54,56
2015,2,19,Thurs,5.82,0,0,61,54,50.2,51,60
2015,2,20,Fri,4.92,0.18,0,54,51,50.4,52,69
2015,2,21,Sat,2.01,0.03,0,51,52,50.5,54,63
2015,2,22,Sun,10.07,0,0,52,54,50.6,53,62
2015,2,23,Mon,9.4,0,0,54,53,50.7,55,42
2015,2,24,Tues,3.13,0,0,53,55,50.8,52,37
2015,2,25,Wed,3.36,0,0,55,52,50.9,50,61
2015,2,26,Thurs,2.24,0.16,0,52,50,51.1,53,69
2015,2,27,Fri,3.13,0.37,0,50,53,51.2,50,57
2015,2,28,Sat,8.95,0.72,0,53,50,51.3,54,49
2015,3,1,Sun,11.41,0,0,50,54,51.5,52,63
2015,3,2,Mon,4.92,0,0,54,52,51.6,52,33
2015,3,3,Tues,10.74,0,0,52,52,51.8,51,65
2015,3,4,Wed,4.7,0,0,52,51,51.9,55,64
2015,3,5,Thurs,4.03,0,0,51,55,52.1,56,38
2015,3,6,Fri,2.91,0,0,55,56,52.2,59,60
2015,3,7,Sat,3.13,0,0,56,59,52.4,62,54
2015,3,8,Sun,6.04,0,0,59,62,52.5,63,63
2015,3,9,Mon,3.8,0,0,62,63,52.7,58,59
2015,3,10,Tues,4.03,0,0,63,58,52.8,56,35
2015,3,11,Wed,5.82,0.03,0,58,56,53,58,45
2015,3,12,Thurs,6.93,0.1,0,56,58,53.1,64,43
2015,3,13,Fri,7.16,0,0,58,64,53.3,63,39
2015,3,14,Sat,4.92,0.08,0,64,63,53.4,57,44
2015,3,15,Sun,8.5,0.67,0,63,57,53.6,51,47
2015,3,16,Mon,9.4,2.2,0,57,51,53.7,57,70
2015,3,17,Tues,6.71,0.04,0,51,57,53.9,56,57
2015,3,18,Wed,5.82,0.03,0,57,56,54,60,50
2015,3,19,Thurs,5.59,0,0,56,60,54.2,60,71
2015,3,20,Fri,4.25,0,0,60,60,54.3,57,53
2015,3,21,Sat,4.25,0.16,0,60,57,54.5,56,68
2015,3,22,Sun,10.51,0.15,0,57,56,54.6,53,44
2015,3,23,Mon,5.14,0.04,0,56,53,54.7,52,41
2015,3,24,Tues,6.26,0.32,0,53,52,54.9,55,45
2015,3,25,Wed,8.72,0.3,0,52,55,55,58,39
2015,3,26,Thurs,9.84,0.2,0,55,58,55.2,69,67
2015,3,27,Fri,4.92,0,0,58,69,55.3,65,46
2015,3,28,Sat,8.95,0.04,0,69,65,55.5,60,69
2015,3,29,Sun,12.75,0,0,65,60,55.6,60,56
2015,3,30,Mon,6.71,0,0,60,60,55.7,64,57
2015,3,31,Tues,6.49,0.07,0,60,64,55.9,55,71
2015,4,1,Wed,9.4,0.04,0,64,55,56,55,53
2015,4,2,Thurs,7.16,0.2,0,55,55,56.2,56,40
2015,4,3,Fri,5.37,0,0,55,56,56.3,52,49
2015,4,4,Sat,8.05,0.06,0,56,52,56.5,55,40
2015,4,5,Sun,3.8,0,0,52,55,56.6,62,49
2015,4,6,Mon,5.37,0,0,55,62,56.8,57,40
2015,4,7,Tues,7.83,0.04,0,62,57,56.9,58,51
2015,4,8,Wed,8.72,0.02,0,57,58,57.1,63,62
2015,4,9,Thurs,3.8,0,0,58,63,57.2,63,47
2015,4,10,Fri,5.14,0,0,63,63,57.4,57,75
2015,4,11,Sat,10.29,0.43,0,63,57,57.6,53,50
2015,4,12,Sun,14.54,0,0,57,53,57.7,56,50
2015,4,13,Mon,8.05,0,0,53,56,57.9,53,78
2015,4,14,Tues,8.05,0.55,0,56,53,58.1,53,75
2015,4,15,Wed,7.38,0.13,0,53,53,58.3,57,74
2015,4,16,Thurs,5.37,0,0,53,57,58.5,64,76
2015,4,17,Fri,6.93,0,0,57,64,58.6,66,75
2015,4,18,Sat,8.05,0,0,64,66,58.8,66,61
2015,4,19,Sun,8.72,0,0,66,66,59,70,41
2015,4,20,Mon,8.05,0,0,66,70,59.2,73,63
2015,4,21,Tues,5.82,0,0,70,73,59.4,63,77
2015,4,22,Wed,7.61,0.22,0,73,63,59.7,60,64
2015,4,23,Thurs,5.14,0,0,63,60,59.9,54,59
2015,4,24,Fri,9.17,0.12,0,60,54,60.1,54,70
2015,4,25,Sat,11.18,0.13,0,54,54,60.3,56,50
2015,4,26,Sun,6.71,0.05,0,54,56,60.5,60,65
2015,4,27,Mon,6.04,0,0,56,60,60.7,77,74
2015,4,28,Tues,5.14,0.01,0,60,77,61,60,73
2015,4,29,Wed,9.62,0.07,0,77,60,61.2,61,77
2015,4,30,Thurs,10.51,0,0,60,61,61.4,63,74
2015,5,1,Fri,4.7,0,0,61,63,61.6,65,70
2015,5,2,Sat,8.28,0,0,63,65,61.9,65,55
2015,5,3,Sun,8.28,0,0,65,65,62.1,69,64
2015,5,4,Mon,5.82,0,0,65,69,62.3,63,53
2015,5,5,Tues,11.63,0,0,69,63,62.5,58,63
2015,5,6,Wed,11.41,0.24,0,63,58,62.8,62,63
2015,5,7,Thurs,5.82,0,0,58,62,63,69,50
2015,5,8,Fri,6.71,0,0,62,69,63.2,75,52
2015,5,9,Sat,6.71,0,0,69,75,63.4,80,53
2015,5,10,Sun,5.82,0,0,75,80,63.6,67,66
2015,5,11,Mon,6.26,0,0,80,67,63.8,57,71
2015,5,12,Tues,5.59,0,0,67,57,64.1,60,78
2015,5,13,Wed,7.38,0.17,0,57,60,64.3,54,48
2015,5,14,Thurs,6.26,0.16,0,60,54,64.5,64,75
2015,5,15,Fri,4.47,0.01,0,54,64,64.7,68,74
2015,5,16,Sat,6.26,0,0,64,68,64.8,60,59
2015,5,17,Sun,6.71,0,0,68,60,65,67,47
2015,5,18,Mon,4.7,0,0,60,67,65.2,78,79
2015,5,19,Tues,6.71,0,0,67,78,65.4,71,49
2015,5,20,Wed,5.82,0,0,78,71,65.6,74,67
2015,5,21,Thurs,4.03,0,0,71,74,65.7,78,63
2015,5,22,Fri,4.7,0,0,74,78,65.9,62,50
2015,5,23,Sat,8.28,0,0,78,62,66.1,61,62
2015,5,24,Sun,5.82,0,0,62,61,66.2,64,69
2015,5,25,Mon,6.04,0,0,61,64,66.4,60,51
2015,5,26,Tues,6.04,0,0,64,60,66.5,71,79
2015,5,27,Wed,4.7,0,0,60,71,66.7,76,71
2015,5,28,Thurs,4.03,0,0,71,76,66.8,82,52
2015,5,29,Fri,4.7,0,0,76,82,67,79,83
2015,5,30,Sat,5.59,0,0,82,79,67.1,73,59
2015,5,31,Sun,5.59,0,0,79,73,67.3,77,80
2015,6,1,Mon,4.92,0,0,73,77,67.4,61,66
2015,6,2,Tues,7.61,0.18,0,77,61,67.6,64,54
2015,6,3,Wed,11.18,0.02,0,61,64,67.7,68,86
2015,6,4,Thurs,6.71,0,0,64,68,67.9,73,54
2015,6,5,Fri,8.72,0,0,68,73,68,80,54
2015,6,6,Sat,9.62,0,0,73,80,68.2,85,74
2015,6,7,Sun,5.82,0,0,80,85,68.3,88,50
2015,6,8,Mon,7.16,0,0,85,88,68.5,87,56
2015,6,9,Tues,7.83,0,0,88,87,68.6,84,79
2015,6,10,Wed,6.04,0,0,87,84,68.8,78,58
2015,6,11,Thurs,6.71,0,0,84,78,69,76,62
2015,6,12,Fri,7.83,0,0,78,76,69.1,68,88
2015,6,13,Sat,5.14,0,0,76,68,69.3,75,55
2015,6,14,Sun,5.82,0,0,68,75,69.5,82,72
2015,6,15,Mon,8.28,0,0,75,82,69.7,86,51
2015,6,16,Tues,7.83,0,0,82,86,69.8,73,56
2015,6,17,Wed,6.71,0,0,86,73,70,77,71
2015,6,18,Thurs,6.93,0,0,73,77,70.2,76,73
2015,6,19,Fri,6.71,0,0,77,76,70.4,75,76
2015,6,20,Sat,7.16,0.02,0,76,75,70.6,77,79
2015,6,21,Sun,9.62,0,0,75,77,70.8,78,51
2015,6,22,Mon,7.61,0,0,77,78,71,77,71
2015,6,23,Tues,5.37,0,0,78,77,71.3,79,78
2015,6,24,Wed,5.37,0,0,77,79,71.5,78,58
2015,6,25,Thurs,5.82,0,0,79,78,71.7,87,79
2015,6,26,Fri,6.71,0,0,78,87,71.9,89,64
2015,6,27,Sat,10.51,0,0,87,89,72.2,92,71
2015,6,28,Sun,8.72,0,0,89,92,72.4,83,72
2015,6,29,Mon,4.7,0.01,0,92,83,72.6,84,83
2015,6,30,Tues,6.04,0,0,83,84,72.8,87,90
2015,7,1,Wed,7.61,0,0,84,87,73.1,90,72
2015,7,2,Thurs,9.62,0,0,87,90,73.3,93,77
2015,7,3,Fri,7.61,0,0,90,93,73.5,92,77
2015,7,4,Sat,5.82,0,0,93,92,73.8,92,58
2015,7,5,Sun,6.49,0,0,92,92,74,91,73
2015,7,6,Mon,4.7,0,0,92,91,74.2,85,94
2015,7,7,Tues,7.16,0,0,91,85,74.4,81,64
2015,7,8,Wed,5.37,0,0,85,81,74.6,86,90
2015,7,9,Thurs,4.25,0,0,81,86,74.9,84,93
2015,7,10,Fri,7.61,0,0,86,84,75.1,70,91
2015,7,11,Sat,8.28,0,0,84,70,75.3,72,95
2015,7,12,Sun,6.71,0,0,70,72,75.4,79,59
2015,7,13,Mon,4.92,0,0,72,79,75.6,78,65
2015,7,14,Tues,6.93,0,0,79,78,75.8,82,81
2015,7,15,Wed,7.38,0,0,78,82,76,79,90
2015,7,16,Thurs,7.16,0,0,82,79,76.1,79,58
2015,7,17,Fri,6.26,0,0,79,79,76.3,82,65
2015,7,18,Sat,7.38,0,0,79,82,76.4,92,63
2015,7,19,Sun,7.61,0,0,82,92,76.6,95,88
2015,7,20,Mon,7.38,0,0,92,95,76.7,80,84
2015,7,21,Tues,8.72,0,0,95,80,76.8,75,90
2015,7,22,Wed,5.37,0,0,80,75,76.9,75,74
2015,7,23,Thurs,6.26,0,0,75,75,77,79,64
2015,7,24,Fri,4.25,0,0,75,79,77.1,73,65
2015,7,25,Sat,8.5,0.01,0,79,73,77.1,70,80
2015,7,26,Sun,5.37,0,0,73,70,77.2,72,85
2015,7,27,Mon,5.82,0.08,0,70,72,77.3,74,92
2015,7,28,Tues,4.25,0,0,72,74,77.3,82,71
2015,7,29,Wed,7.61,0,0,74,82,77.3,90,90
2015,7,30,Thurs,8.5,0,0,82,90,77.3,94,71
2015,7,31,Fri,7.83,0,0,90,94,77.4,94,69
2015,8,1,Sat,5.82,0,0,94,94,77.4,92,64
2015,8,2,Sun,6.93,0,0,94,92,77.4,87,65
2015,8,3,Mon,4.47,0,0,92,87,77.3,83,67
2015,8,4,Tues,5.14,0,0,87,83,77.3,79,72
2015,8,5,Wed,5.82,0,0,83,79,77.3,74,97
2015,8,6,Thurs,7.83,0,0,79,74,77.2,77,68
2015,8,7,Fri,6.49,0,0,74,77,77.2,83,85
2015,8,8,Sat,8.28,0,0,77,83,77.1,77,69
2015,8,9,Sun,8.05,0,0,83,77,77.1,83,80
2015,8,10,Mon,4.92,0,0,77,83,77,84,88
2015,8,11,Tues,5.37,0,0,83,84,76.9,86,66
2015,8,12,Wed,9.84,0,0,84,86,76.9,83,60
2015,8,13,Thurs,6.04,0.3,0,86,83,76.8,83,67
2015,8,14,Fri,4.92,0,0,83,83,76.7,65,65
2015,8,15,Sat,11.63,1.2,0,83,65,76.6,71,78
2015,8,16,Sun,8.28,0,0,65,71,76.5,77,69
2015,8,17,Mon,8.28,0,0,71,77,76.4,81,91
2015,8,18,Tues,6.71,0,0,77,81,76.3,86,90
2015,8,19,Wed,6.71,0,0,81,86,76.2,89,60
2015,8,20,Thurs,4.7,0,0,86,89,76.1,73,57
2015,8,21,Fri,9.4,0.08,0,89,73,75.9,72,74
2015,8,22,Sat,5.82,0,0,73,72,75.8,80,67
2015,8,23,Sun,5.59,0,0,72,80,75.7,82,77
2015,8,24,Mon,4.03,0,0,80,82,75.5,75,72
2015,8,25,Tues,5.14,0,0,82,75,75.4,78,72
2015,8,26,Wed,7.61,0,0,75,78,75.3,83,59
2015,8,27,Thurs,3.8,0,0,78,83,75.1,85,73
2015,8,28,Fri,4.7,0,0,83,85,75,74,58
2015,8,29,Sat,5.82,0.02,0,85,74,74.8,72,60
2015,8,30,Sun,12.97,1.28,0,74,72,74.6,68,93
2015,8,31,Mon,10.51,0.4,0,72,68,74.4,66,80
2015,9,1,Tues,12.97,0,0,68,66,74.3,67,92
2015,9,2,Wed,11.18,0.23,0,66,67,74.1,67,91
2015,9,3,Thurs,8.5,0,0,67,67,73.9,65,86
2015,9,4,Fri,6.49,0,0,67,65,73.7,65,89
2015,9,5,Sat,6.49,0,0,65,65,73.5,69,61
2015,9,6,Sun,7.83,0.01,0,65,69,73.3,61,59
2015,9,7,Mon,5.37,0.21,0,69,61,73,70,62
2015,9,8,Tues,3.36,0.01,0,61,70,72.8,73,60
2015,9,9,Wed,5.37,0,0,70,73,72.6,76,58
2015,9,10,Thurs,7.38,0,0,73,76,72.3,77,71
2015,9,11,Fri,8.05,0,0,76,77,72.1,81,64
2015,9,12,Sat,6.93,0,0,77,81,71.8,80,54
2015,9,13,Sun,4.7,0,0,81,80,71.5,69,91
2015,9,14,Mon,6.71,0.02,0,80,69,71.2,62,84
2015,9,15,Tues,7.61,0,0,69,62,71,64,53
2015,9,16,Wed,6.26,0,0,62,64,70.7,68,85
2015,9,17,Thurs,4.25,0.04,0,64,68,70.3,65,78
2015,9,18,Fri,8.5,0.07,0,68,65,70,67,52
2015,9,19,Sat,5.82,0,0,65,67,69.7,70,75
2015,9,20,Sun,9.62,0,0,67,70,69.4,73,56
2015,9,21,Mon,15.21,0.16,0,70,73,69,65,64
2015,9,22,Tues,6.04,0,0,73,65,68.7,66,70
2015,9,23,Wed,4.47,0,0,65,66,68.3,69,68
2015,9,24,Thurs,4.03,0,0,66,69,68,72,49
2015,9,25,Fri,5.59,0,0,69,72,67.6,60,64
2015,9,26,Sat,5.82,0.08,0,72,60,67.2,65,64
2015,9,27,Sun,6.04,0,0,60,65,66.8,64,80
2015,9,28,Mon,8.5,0,0,65,64,66.5,70,60
2015,9,29,Tues,11.41,0,0,64,70,66.1,71,81
2015,9,30,Wed,4.25,0,0,70,71,65.7,65,71
2015,10,1,Thurs,2.91,0,0,71,65,65.3,70,83
2015,10,2,Fri,2.91,0,0,65,70,64.9,60,57
2015,10,3,Sat,6.49,0,0,70,60,64.5,67,46
2015,10,4,Sun,10.74,0,0,60,67,64.1,73,71
2015,10,5,Mon,8.28,0,0,67,73,63.7,74,72
2015,10,6,Tues,3.58,0,0,73,74,63.3,65,66
2015,10,7,Wed,5.82,0,0,74,65,62.9,61,73
2015,10,8,Thurs,4.92,0.39,0,65,61,62.5,66,81
2015,10,9,Fri,2.46,0,0,61,66,62.1,67,66
2015,10,10,Sat,5.82,0.01,0,66,67,61.8,70,69
2015,10,11,Sun,10.51,1.13,0,67,70,61.4,64,53
2015,10,12,Mon,5.82,0,0,70,64,61,65,55
2015,10,13,Tues,6.26,0.18,0,64,65,60.6,62,46
2015,10,14,Wed,7.16,0.05,0,65,62,60.2,59,69
2015,10,15,Thurs,11.18,0,0,62,59,59.9,70,53
2015,10,16,Fri,7.61,0,0,59,70,59.5,68,49
2015,10,17,Sat,2.91,0,0,70,68,59.1,67,60
2015,10,18,Sun,2.91,0.01,0,68,67,58.8,59,41
2015,10,19,Mon,4.47,0.15,0,67,59,58.4,63,51
2015,10,20,Tues,5.82,0.01,0,59,63,58.1,64,56
2015,10,21,Wed,4.03,0,0,63,64,57.8,61,66
2015,10,22,Thurs,2.91,0,0,64,61,57.4,61,37
2015,10,23,Fri,6.04,0,0,61,61,57.1,55,55
2015,10,24,Sat,5.82,0,0,61,55,56.8,59,68
2015,10,25,Sun,6.49,0,0,55,59,56.5,67,57
2015,10,26,Mon,7.61,0.35,0,59,67,56.2,54,74
2015,10,27,Tues,10.29,0.27,0,67,54,55.9,61,49
2015,10,28,Wed,3.8,0,0,54,61,55.6,57,40
2015,10,29,Thurs,6.26,0.13,0,61,57,55.3,59,55
2015,10,30,Fri,10.51,0.07,0,57,59,55,63,65
2015,10,31,Sat,14.99,0.76,0,59,63,54.8,60,49
2015,11,1,Sun,16.11,1.3,0,63,60,54.5,54,70
2015,11,2,Mon,13.42,1.03,0,60,54,54.2,52,58
2015,11,3,Tues,6.26,0.01,0,54,52,53.9,51,62
2015,11,4,Wed,3.13,0.03,0,52,51,53.7,50,55
2015,11,5,Thurs,4.92,0,0,51,50,53.4,53,66
2015,11,6,Fri,5.14,0.05,0,50,53,53.2,60,67
2015,11,7,Sat,6.04,0,0,53,60,52.9,54,52
2015,11,8,Sun,6.71,0.5,0,60,54,52.7,52,56
2015,11,9,Mon,4.03,0.26,0,54,52,52.4,50,44
2015,11,10,Tues,2.91,0.13,0,52,50,52.2,52,51
2015,11,11,Wed,8.72,0.05,0,50,52,51.9,52,63
2015,11,12,Thurs,10.29,0.06,0,52,52,51.7,52,46
2015,11,13,Fri,11.41,0.39,0,52,52,51.4,56,62
2015,11,14,Sat,14.54,1.32,0,52,56,51.2,49,54
2015,11,15,Sun,10.07,1.86,0,56,49,51,48,37
2015,11,16,Mon,9.17,0.88,0,49,48,50.7,48,32
2015,11,17,Tues,8.95,0.08,0,48,48,50.5,56,68
2015,11,18,Wed,17.9,1.16,0,48,56,50.3,48,35
2015,11,19,Thurs,8.5,0.06,0,56,48,50,48,70
2015,11,20,Fri,9.4,0.08,0,48,48,49.8,47,41
2015,11,21,Sat,8.95,0,0,48,47,49.5,48,31
2015,11,22,Sun,10.51,0,0,47,48,49.3,50,53
2015,11,23,Mon,6.93,0,0,48,50,49.1,44,53
2015,11,24,Tues,2.91,0.12,0,50,44,48.9,44,44
2015,11,25,Wed,10.07,0.28,0,44,44,48.6,45,34
2015,11,26,Thurs,12.75,0,0,44,45,48.4,49,42
2015,11,27,Fri,9.62,0,0,45,49,48.2,49,33
2015,11,28,Sat,6.71,0,0,49,49,48,45,59
2015,11,29,Sun,2.24,0,0,49,45,47.8,35,63
2015,11,30,Mon,2.01,0,0,45,35,47.6,42,32
2015,12,1,Tues,3.8,0.02,0,35,42,47.4,50,61
2015,12,2,Wed,7.83,0.48,0,42,50,47.2,51,65
2015,12,3,Thurs,11.18,0.1,0,50,51,47,60,67
2015,12,4,Fri,13.2,0.5,0,51,60,46.8,51,53
2015,12,5,Sat,10.51,0.08,0,60,51,46.6,50,34
2015,12,6,Sun,8.95,0.62,0,51,50,46.4,55,33
2015,12,7,Mon,13.2,0.44,0,50,55,46.3,52,64
2015,12,8,Tues,7.61,1.08,0,55,52,46.1,60,63
2015,12,9,Wed,13.87,2.13,0,52,60,46,54,54
2015,12,10,Thurs,14.09,0.53,0,60,54,45.9,53,36
2015,12,11,Fri,16.78,0.37,0,54,53,45.7,49,63
2015,12,12,Sat,6.26,0.01,0,53,49,45.6,48,65
2015,12,13,Sun,12.53,0.63,0,49,48,45.5,46,31
2015,12,14,Mon,13.65,0.05,0,48,46,45.4,46,38
2015,12,15,Tues,3.8,0,0,46,46,45.3,44,53
2015,12,16,Wed,6.49,0.06,0,46,44,45.3,43,47
2015,12,17,Thurs,5.14,0.14,0,44,43,45.2,44,60
2015,12,18,Fri,13.42,0.86,0,43,44,45.2,48,55
2015,12,19,Sat,11.41,0.73,0,44,48,45.1,47,26
2015,12,20,Sun,9.17,0,0,48,47,45.1,46,52
2015,12,21,Mon,14.99,0.17,0,47,46,45.1,42,34
2015,12,22,Tues,9.62,1.08,0,46,42,45.1,46,55
2015,12,23,Wed,11.18,0.18,0,42,46,45.1,41,57
2015,12,24,Thurs,17,0.24,0,46,41,45.1,42,50
2015,12,25,Fri,9.62,0.1,0,41,42,45.1,41,41
2015,12,26,Sat,3.36,0.23,0,42,41,45.2,40,47
2015,12,27,Sun,5.59,0,0,41,40,45.2,40,59
2015,12,28,Mon,6.49,0.34,0,40,40,45.3,41,29
2015,12,29,Tues,2.91,0.06,0,40,41,45.3,45,43
2015,12,30,Wed,5.82,0,0,41,45,45.4,42,50
2015,12,31,Thurs,7.61,0,0,45,42,45.5,42,57
2016,1,1,Fri,7.83,0,0,42,42,45.6,46,53
2016,1,2,Sat,4.92,0,0,42,46,45.7,42,33
2016,1,3,Sun,5.59,0,0,46,42,45.8,40,52
2016,1,4,Mon,9.17,0.02,0,42,40,45.9,38,53
2016,1,5,Tues,7.61,0.15,0,40,38,46,46,60
2016,1,6,Wed,5.37,0.11,0,38,46,46.1,53,29
2016,1,7,Thurs,6.49,0,0,46,53,46.2,44,48
2016,1,8,Fri,2.91,0,0,53,44,46.3,48,46
2016,1,9,Sat,1.57,0,0,44,48,46.4,49,47
2016,1,10,Sun,2.91,0,0,48,49,46.5,52,58
2016,1,11,Mon,8.05,0,0,49,52,46.7,47,58
2016,1,12,Tues,6.93,0.16,0,52,47,46.8,48,40
2016,1,13,Wed,11.63,0.51,0,47,48,46.9,54,56
2016,1,14,Thurs,7.83,0.75,0,48,54,47,48,56
2016,1,15,Fri,6.93,0,0,54,48,47.1,47,51
2016,1,16,Sat,6.04,0.05,0,48,47,47.3,52,35
2016,1,17,Sun,9.17,0.4,0,47,52,47.4,49,38
2016,1,18,Mon,7.61,0.33,0,52,49,47.5,52,62
2016,1,19,Tues,7.61,0.06,0,49,52,47.6,47,60
2016,1,20,Wed,4.47,0.49,0,52,47,47.7,50,38
2016,1,21,Thurs,6.26,0.27,0,47,50,47.8,53,52
2016,1,22,Fri,7.61,1.15,0,50,53,47.9,55,36
2016,1,23,Sat,9.4,0.26,0,53,55,48,46,44
2016,1,24,Sun,4.7,0.77,0,55,46,48.1,50,47
2016,1,25,Mon,5.14,0,0,46,50,48.2,55,30
2016,1,26,Tues,4.7,0,0,50,55,48.3,56,39
2016,1,27,Wed,6.04,0.3,0,55,56,48.4,58,64
2016,1,28,Thurs,5.37,0.82,0,56,58,48.4,56,49
2016,1,29,Fri,10.74,0.61,0,58,56,48.5,49,64
2016,1,30,Sat,10.51,0.19,0,56,49,48.6,46,44
2016,1,31,Sun,11.41,0.05,0,49,46,48.7,45,54
2016,2,1,Mon,9.62,0,0,46,45,48.8,45,35
2016,2,2,Tues,4.47,0.01,0,45,45,48.8,50,47
2016,2,3,Wed,3.58,0.01,0,45,50,48.9,47,67
2016,2,4,Thurs,9.84,0.53,0,50,47,49,49,48
2016,2,5,Fri,9.84,0.33,0,47,49,49.1,52,68
2016,2,6,Sat,8.72,0.14,0,49,52,49.1,48,40
2016,2,7,Sun,8.28,0,0,52,48,49.2,52,39
2016,2,8,Mon,5.37,0,0,48,52,49.3,59,55
2016,2,9,Tues,8.5,0,0,52,59,49.4,63,34
2016,2,10,Wed,5.59,0,0,59,63,49.4,56,39
2016,2,11,Thurs,5.82,0.13,0,63,56,49.5,55,62
2016,2,12,Fri,5.37,0.48,0,56,55,49.6,57,61
2016,2,13,Sat,9.17,0.8,0,55,57,49.7,50,35
2016,2,14,Sun,11.63,0.49,0,57,50,49.8,53,40
2016,2,15,Mon,13.65,0.15,0,50,53,49.9,54,43
2016,2,16,Tues,14.32,0.46,0,53,54,49.9,54,31
2016,2,17,Wed,7.61,0,0,54,54,50,63,51
2016,2,18,Thurs,6.04,0.47,0,54,63,50.1,51,41
2016,2,19,Fri,10.51,0.12,0,63,51,50.2,50,42
2016,2,20,Sat,11.63,0.4,0,51,50,50.4,51,65
2016,2,21,Sun,8.05,0,0,50,51,50.5,50,59
2016,2,22,Mon,7.61,0.05,0,51,50,50.6,51,57
2016,2,23,Tues,6.71,0.17,0,50,51,50.7,58,65
2016,2,24,Wed,9.62,0,0,51,58,50.8,57,68
2016,2,25,Thurs,2.91,0.02,0,58,57,50.9,62,40
2016,2,26,Fri,2.91,0,0,57,62,51.1,57,40
2016,2,27,Sat,3.58,0.17,0,62,57,51.2,56,37
2016,2,28,Sun,5.59,0.13,0,57,56,51.3,50,48
2016,3,1,Tues,5.14,0.09,0,50,53,51.5,57,55
2016,3,2,Wed,13.42,0.81,0,53,57,51.6,54,65
2016,3,3,Thurs,10.07,0.28,0,57,54,51.8,58,52
2016,3,4,Fri,10.29,0.03,0,54,58,51.9,55,55
2016,3,5,Sat,5.37,0.16,0,58,55,52.1,64,54
2016,3,6,Sun,9.84,0.19,0,55,64,52.2,59,60
2016,3,7,Mon,10.29,0.16,0,64,59,52.4,51,67
2016,3,8,Tues,12.53,0.2,0,59,51,52.5,53,47
2016,3,9,Wed,6.71,0.14,0,51,53,52.7,55,33
2016,3,10,Thurs,12.08,0.93,0,53,55,52.8,55,72
2016,3,11,Fri,15.43,0.23,0,55,55,53,60,68
2016,3,12,Sat,6.04,0.32,0,55,60,53.1,50,65
2016,3,13,Sun,12.08,0.15,0,60,50,53.3,54,68
2016,3,14,Mon,14.99,0.62,0,50,54,53.4,47,34
2016,3,15,Tues,15.43,0.25,0,54,47,53.6,50,56
2016,3,16,Wed,10.51,0,0,47,50,53.7,53,52
2016,3,17,Thurs,6.04,0,0,50,53,53.9,57,51
2016,3,18,Fri,11.63,0,0,53,57,54,63,60
2016,3,19,Sat,14.54,0,0,57,63,54.2,61,51
2016,3,20,Sun,4.47,0,0,63,61,54.3,54,53
2016,3,21,Mon,4.7,0.17,0,61,54,54.5,55,58
2016,3,22,Tues,7.38,0.34,0,54,55,54.6,55,37
2016,3,23,Wed,12.08,0,0,55,55,54.7,51,36
2016,3,24,Thurs,12.3,0.23,0,55,51,54.9,52,37
2016,3,25,Fri,14.99,0,0,51,52,55,56,72
2016,3,26,Sat,6.26,0,0,52,56,55.2,58,61
2016,3,27,Sun,4.7,0.13,0,56,58,55.3,55,40
2016,3,28,Mon,14.54,0.18,0,58,55,55.5,55,61
2016,3,29,Tues,5.59,0,0,55,55,55.6,63,40
2016,3,30,Wed,9.62,0,0,55,63,55.7,68,69
2016,3,31,Thurs,4.47,0,0,63,68,55.9,71,44
2016,4,1,Fri,3.13,0,0,68,71,56,71,40
2016,4,2,Sat,4.25,0,0,71,71,56.2,62,42
2016,4,3,Sun,5.82,0,0,71,62,56.3,68,65
2016,4,4,Mon,5.82,0.16,0,62,68,56.5,58,69
2016,4,5,Tues,15.66,0.03,0,68,58,56.6,56,52
2016,4,6,Wed,8.5,0,0,58,56,56.8,69,61
2016,4,7,Thurs,8.72,0,0,56,69,56.9,78,56
2016,4,8,Fri,9.4,0,0,69,78,57.1,76,67
2016,4,9,Sat,7.61,0,0,78,76,57.2,64,41
2016,4,10,Sun,4.92,0,0,76,64,57.4,58,42
2016,4,11,Mon,7.61,0,0,64,58,57.6,58,54
2016,4,12,Tues,7.38,0,0,58,58,57.7,57,62
2016,4,13,Wed,9.84,0.32,0,58,57,57.9,58,49
2016,4,14,Thurs,6.04,0.1,0,57,58,58.1,59,47
2016,4,15,Fri,6.93,0.15,0,58,59,58.3,59,48
2016,4,16,Sat,7.16,0,0,59,59,58.5,67,46
2016,4,17,Sun,5.37,0,0,59,67,58.6,80,72
2016,4,18,Mon,8.72,0,0,67,80,58.8,89,62
2016,4,19,Tues,5.14,0,0,80,89,59,84,55
2016,4,20,Wed,4.92,0,0,89,84,59.2,81,54
2016,4,21,Thurs,5.37,0,0,84,81,59.4,72,43
2016,4,22,Fri,7.83,0,0,81,72,59.7,62,47
2016,4,23,Sat,9.62,0,0,72,62,59.9,64,54
2016,4,24,Sun,11.41,0.01,0,62,64,60.1,55,62
2016,4,25,Mon,9.17,0.3,0,64,55,60.3,59,50
2016,4,26,Tues,5.37,0.11,0,55,59,60.5,59,74
2016,4,27,Wed,4.92,0,0,59,59,60.7,63,62
2016,4,28,Thurs,4.7,0,0,59,63,61,63,48
2016,4,29,Fri,5.82,0,0,63,63,61.2,61,69
2016,4,30,Sat,4.47,0.01,0,63,61,61.4,67,62
2016,5,1,Sun,6.71,0,0,61,67,61.6,79,56
2016,5,2,Mon,9.84,0,0,67,79,61.9,87,66
2016,5,3,Tues,4.92,0,0,79,87,62.1,72,81
2016,5,4,Wed,6.49,0,0,87,72,62.3,60,45
2016,5,5,Thurs,8.95,0,0,72,60,62.5,68,71
2016,5,6,Fri,8.95,0,0,60,68,62.8,77,69
2016,5,7,Sat,10.51,0,0,68,77,63,82,46
2016,5,8,Sun,6.71,0,0,77,82,63.2,66,73
2016,5,9,Mon,9.84,0.03,0,82,66,63.4,67,55
2016,5,10,Tues,5.82,0,0,66,67,63.6,75,63
2016,5,11,Wed,6.71,0,0,67,75,63.8,80,54
2016,5,12,Thurs,5.59,0,0,75,80,64.1,76,74
2016,5,13,Fri,4.92,0,0,80,76,64.3,84,75
2016,5,14,Sat,9.17,0,0,76,84,64.5,58,80
2016,5,15,Sun,6.93,0.02,0,84,58,64.7,56,45
2016,5,16,Mon,6.04,0.02,0,58,56,64.8,59,47
2016,5,17,Tues,5.14,0.06,0,56,59,65,69,65
2016,5,18,Wed,7.83,0,0,59,69,65.2,65,67
2016,5,19,Thurs,6.71,0,0,69,65,65.4,63,73
2016,5,20,Fri,9.4,0.5,0,65,63,65.6,66,49
2016,5,21,Sat,7.38,0,0,63,66,65.7,58,71
2016,5,22,Sun,9.62,0.21,0,66,58,65.9,66,50
2016,5,23,Mon,12.3,0,0,58,66,66.1,66,72
2016,5,24,Tues,6.71,0,0,66,66,66.2,66,75
2016,5,25,Wed,4.47,0,0,66,66,66.4,65,66
2016,5,26,Thurs,8.95,0,0,66,65,66.5,62,52
2016,5,27,Fri,10.51,0,0,65,62,66.7,64,47
2016,5,28,Sat,9.62,0,0,62,64,66.8,62,59
2016,5,29,Sun,10.07,0.1,0,64,62,67,64,56
2016,5,30,Mon,10.74,0,0,62,64,67.1,72,62
2016,5,31,Tues,9.62,0,0,64,72,67.3,80,74
2016,6,1,Wed,6.49,0,0,72,80,67.4,74,68
2016,6,2,Thurs,7.83,0.04,0,80,74,67.6,70,65
2016,6,3,Fri,10.74,0.01,0,74,70,67.7,82,84
2016,6,4,Sat,8.05,0,0,70,82,67.9,85,77
2016,6,5,Sun,12.3,0,0,82,85,68,93,75
2016,6,6,Mon,7.61,0,0,85,93,68.2,88,75
2016,6,7,Tues,7.61,0,0,93,88,68.3,84,69
2016,6,8,Wed,6.93,0,0,88,84,68.5,67,65
2016,6,9,Thurs,10.74,0.01,0,84,67,68.6,64,84
2016,6,10,Fri,7.16,0.13,0,67,64,68.8,65,78
2016,6,11,Sat,9.84,0.18,0,64,65,69,67,66
2016,6,12,Sun,7.16,0,0,65,67,69.1,70,88
2016,6,13,Mon,7.16,0,0,67,70,69.3,65,58
2016,6,14,Tues,12.3,0,0,70,65,69.5,60,71
2016,6,15,Wed,13.65,0.02,0,65,60,69.7,66,59
2016,6,16,Thurs,7.16,0,0,60,66,69.8,70,77
2016,6,17,Fri,7.61,0,0,66,70,70,69,88
2016,6,18,Sat,7.61,0.14,0,70,69,70.2,66,83
2016,6,19,Sun,9.4,0,0,69,66,70.4,72,71
2016,6,20,Mon,10.74,0,0,66,72,70.6,75,69
2016,6,21,Tues,8.5,0.55,0,72,75,70.8,71,79
2016,6,22,Wed,9.62,0,0,75,71,71,75,80
2016,6,23,Thurs,4.92,0,0,71,75,71.3,68,80
2016,6,24,Fri,8.72,0.35,0,75,68,71.5,69,78
2016,6,25,Sat,9.62,0.34,0,68,69,71.7,72,60
2016,6,26,Sun,8.28,0,0,69,72,71.9,80,76
2016,6,27,Mon,10.96,0,0,72,80,72.2,85,60
2016,6,28,Tues,5.82,0,0,80,85,72.4,76,78
2016,6,29,Wed,6.71,0,0,85,76,72.6,72,92
2016,6,30,Thurs,6.04,0,0,76,72,72.8,73,63
2016,7,1,Fri,4.7,0,0,72,73,73.1,75,58
2016,7,2,Sat,6.04,0,0,73,75,73.3,75,60
2016,7,3,Sun,7.16,0,0,75,75,73.5,71,76
2016,7,4,Mon,5.82,0,0,75,71,73.8,69,55
2016,7,5,Tues,7.61,0,0,71,69,74,67,93
2016,7,6,Wed,4.7,0,0,69,67,74.2,76,81
2016,7,7,Thurs,5.82,0.01,0,67,76,74.4,68,63
2016,7,8,Fri,6.71,0.12,0,76,68,74.6,72,86
2016,7,9,Sat,8.05,0.24,0,68,72,74.9,71,79
2016,7,10,Sun,6.93,0.01,0,72,71,75.1,73,83
2016,7,11,Mon,5.59,0,0,71,73,75.3,73,94
2016,7,12,Tues,8.05,0,0,73,73,75.4,76,62
2016,7,13,Wed,7.61,0,0,73,76,75.6,74,83
2016,7,14,Thurs,6.93,0,0,76,74,75.8,76,75
2016,7,15,Fri,8.05,0,0,74,76,76,76,57
2016,7,16,Sat,7.38,0,0,76,76,76.1,73,59
2016,7,17,Sun,6.49,0,0,76,73,76.3,79,70
2016,7,18,Mon,4.7,0,0,73,79,76.4,71,76
2016,7,19,Tues,6.71,0.01,0,79,71,76.6,77,66
2016,7,20,Wed,6.26,0,0,71,77,76.7,80,60
2016,7,21,Thurs,5.82,0,0,77,80,76.8,84,59
2016,7,22,Fri,9.4,0,0,80,84,76.9,73,91
2016,7,23,Sat,8.28,0.33,0,84,73,77,73,72
2016,7,24,Sun,5.14,0,0,73,73,77.1,81,91
2016,7,25,Mon,9.62,0,0,73,81,77.1,86,80
2016,7,26,Tues,6.26,0,0,81,86,77.2,78,78
2016,7,27,Wed,4.92,0,0,86,78,77.3,84,67
2016,7,28,Thurs,7.16,0,0,78,84,77.3,88,83
2016,7,29,Fri,8.28,0,0,84,88,77.3,89,93
2016,7,30,Sat,8.05,0,0,88,89,77.3,75,95
2016,7,31,Sun,9.17,0,0,89,75,77.4,72,68
2016,8,1,Mon,7.61,0,0,75,72,77.4,77,88
2016,8,2,Tues,5.82,0,0,72,77,77.4,71,83
2016,8,3,Wed,8.05,0.13,0,77,71,77.3,76,70
2016,8,4,Thurs,6.93,0,0,71,76,77.3,82,78
2016,8,5,Fri,10.07,0,0,76,82,77.3,79,64
2016,8,6,Sat,6.49,0,0,82,79,77.2,71,69
2016,8,7,Sun,5.82,0,0,79,71,77.2,69,78
2016,8,8,Mon,7.16,0.03,0,71,69,77.1,73,87
2016,8,9,Tues,6.49,0,0,69,73,77.1,71,70
2016,8,10,Wed,6.26,0,0,73,71,77,76,73
2016,8,11,Thurs,6.04,0,0,71,76,76.9,81,84
2016,8,12,Fri,8.5,0,0,76,81,76.9,90,75
2016,8,13,Sat,7.38,0,0,81,90,76.8,91,92
2016,8,14,Sun,5.82,0,0,90,91,76.7,85,61
2016,8,15,Mon,6.71,0,0,91,85,76.6,83,76
2016,8,16,Tues,5.37,0,0,85,83,76.5,83,67
2016,8,17,Wed,6.04,0,0,83,83,76.4,80,95
2016,8,18,Thurs,7.38,0,0,83,80,76.3,87,76
2016,8,19,Fri,9.62,0,0,80,87,76.2,95,91
2016,8,20,Sat,11.63,0,0,87,95,76.1,91,88
2016,8,21,Sun,4.25,0,0,95,91,75.9,73,69
2016,8,22,Mon,10.74,0,0,91,73,75.8,72,67
2016,8,23,Tues,6.26,0,0,73,72,75.7,80,73
2016,8,24,Wed,7.16,0,0,72,80,75.5,85,88
2016,8,25,Thurs,7.61,0,0,80,85,75.4,91,83
2016,8,26,Fri,7.16,0,0,85,91,75.3,92,84
2016,8,27,Sat,4.25,0,0,91,92,75.1,73,63
2016,8,28,Sun,11.41,0,0,92,73,75,70,69
2016,8,29,Mon,5.14,0,0,73,70,74.8,79,60
2016,8,30,Tues,3.8,0,0,70,79,74.6,71,61
2016,8,31,Wed,8.05,0,0,79,71,74.4,69,63
2016,9,1,Thurs,8.05,0.01,0,71,69,74.3,66,72
2016,9,2,Fri,8.05,0.17,0,69,66,74.1,69,68
2016,9,3,Sat,11.18,0.05,0,66,69,73.9,69,58
2016,9,4,Sun,7.38,0,0,69,69,73.7,70,93
2016,9,5,Mon,4.7,0,0,69,70,73.5,64,70
2016,9,6,Tues,7.38,0.01,0,70,64,73.3,65,57
2016,9,7,Wed,3.8,0.42,0,64,65,73,66,72
2016,9,8,Thurs,8.28,0.04,0,65,66,72.8,70,69
2016,9,9,Fri,7.38,0.03,0,66,70,72.6,73,68
2016,9,10,Sat,5.59,0,0,70,73,72.3,77,71
2016,9,11,Sun,4.25,0,0,73,77,72.1,70,86
2016,9,12,Mon,6.71,0,0,77,70,71.8,75,62
2016,9,13,Tues,11.63,0,0,70,75,71.5,77,54
2016,9,14,Wed,7.16,0,0,75,77,71.2,78,86
2016,9,15,Thurs,5.82,0,0,77,78,71,72,89
2016,9,16,Fri,4.25,0,0,78,72,70.7,74,72
2016,9,17,Sat,4.7,0,0,72,74,70.3,67,79
2016,9,18,Sun,11.86,0.22,0,74,67,70,68,81
2016,9,19,Mon,7.83,0,0,67,68,69.7,68,77
2016,9,20,Tues,11.41,0.08,0,68,68,69.4,67,62
2016,9,21,Wed,6.71,0,0,68,67,69,68,77
2016,9,22,Thurs,8.5,0,0,67,68,68.7,65,83
2016,9,23,Fri,7.83,0,0,68,65,68.3,63,82
2016,9,24,Sat,10.51,0.01,0,65,63,68,66,67
2016,9,25,Sun,4.47,0,0,63,66,67.6,76,80
2016,9,26,Mon,5.82,0,0,66,76,67.2,77,71
2016,9,27,Tues,5.82,0,0,76,77,66.8,69,52
2016,9,28,Wed,10.51,0.02,0,77,69,66.5,67,51
2016,9,29,Thurs,7.83,0,0,69,67,66.1,66,58
2016,9,30,Fri,5.14,0,0,67,66,65.7,65,65
2016,10,1,Sat,5.37,0,0,66,65,65.3,63,46
2016,10,2,Sun,7.38,0.05,0,65,63,64.9,63,49
2016,10,3,Mon,4.03,0,0,63,63,64.5,60,73
2016,10,4,Tues,6.93,0,0,63,60,64.1,60,77
2016,10,5,Wed,9.62,0.13,0,60,60,63.7,65,49
2016,10,6,Thurs,5.59,0.04,0,60,65,63.3,62,44
2016,10,7,Fri,9.62,0.31,0,65,62,62.9,63,60
2016,10,8,Sat,11.41,0.11,0,62,63,62.5,65,71
2016,10,9,Sun,11.63,0.61,0,63,65,62.1,56,57
2016,10,10,Mon,6.04,0.06,0,65,56,61.8,60,44
2016,10,11,Tues,5.59,0,0,56,60,61.4,62,81
2016,10,12,Wed,8.05,0,0,60,62,61,66,48
2016,10,13,Thurs,3.8,0.01,0,62,66,60.6,59,46
2016,10,14,Fri,10.74,1.75,0,66,59,60.2,57,75
2016,10,15,Sat,15.88,1.36,0,59,57,59.9,62,55
2016,10,16,Sun,14.32,0.73,0,57,62,59.5,60,77
2016,10,17,Mon,8.28,0.56,0,62,60,59.1,59,52
2016,10,18,Tues,9.84,0.17,0,60,59,58.8,58,66
2016,10,19,Wed,10.74,0.08,0,59,58,58.4,58,44
2016,10,20,Thurs,4.92,0.22,0,58,58,58.1,60,45
2016,10,21,Fri,8.5,1.19,0,58,60,57.8,57,51
2016,10,22,Sat,7.38,0.02,0,60,57,57.4,62,58
2016,10,23,Sun,3.36,0.05,0,57,62,57.1,62,40
2016,10,24,Mon,6.26,0.12,0,62,62,56.8,63,50
2016,10,25,Tues,7.61,0.1,0,62,63,56.5,63,41
2016,10,26,Wed,11.18,0,0,63,63,56.2,58,70
2016,10,27,Thurs,8.05,1.23,0,63,58,55.9,58,41
2016,10,28,Fri,7.16,0.04,0,58,58,55.6,67,50
2016,10,29,Sat,7.61,0,0,58,67,55.3,60,57
2016,10,30,Sun,4.92,0.19,0,67,60,55,52,73
2016,10,31,Mon,6.93,0.26,0,60,52,54.8,57,57
2016,11,1,Tues,10.07,0.66,0,52,57,54.5,56,72
2016,11,2,Wed,9.17,0.22,0,57,56,54.2,56,69
2016,11,3,Thurs,7.38,0.46,0,56,56,53.9,65,36
2016,11,4,Fri,4.47,0,0,56,65,53.7,63,34
2016,11,5,Sat,4.03,0,0,65,63,53.4,60,58
2016,11,6,Sun,6.93,1.31,0,63,60,53.2,60,34
2016,11,7,Mon,7.16,0.12,0,60,60,52.9,66,65
2016,11,8,Tues,4.92,0.04,0,60,66,52.7,70,65
2016,11,9,Wed,5.59,0,0,66,70,52.4,64,65
2016,11,10,Thurs,6.71,0.24,0,70,64,52.2,62,36
2016,11,11,Fri,3.8,0,0,64,62,51.9,61,50
2016,11,12,Sat,2.46,0,0,62,61,51.7,58,62
2016,11,13,Sun,12.97,0.1,0,61,58,51.4,54,39
2016,11,14,Mon,8.05,0.24,0,58,54,51.2,57,63
2016,11,15,Tues,5.82,0.31,0,54,57,51,54,48
2016,11,16,Wed,10.96,1.08,0,57,54,50.7,50,35
2016,11,17,Thurs,6.49,0.2,0,54,50,50.5,51,37
2016,11,18,Fri,4.25,0,0,50,51,50.3,54,65
2016,11,19,Sat,12.3,0,0,51,54,50,57,38
2016,11,20,Sun,10.51,0.04,0,54,57,49.8,57,39
2016,11,21,Mon,10.07,0.01,0,57,57,49.5,53,53
2016,11,22,Tues,10.07,0.02,0,57,53,49.3,53,60
2016,11,23,Wed,8.5,0.45,0,53,53,49.1,48,62
2016,11,24,Thurs,11.18,0.13,0,53,48,48.9,51,57
2016,11,25,Fri,12.53,0.66,0,48,51,48.6,52,36
2016,11,26,Sat,5.82,0.01,0,51,52,48.4,51,64
2016,11,27,Sun,6.71,0.38,0,52,51,48.2,47,68
2016,11,28,Mon,10.07,0.32,0,51,47,48,50,61
2016,11,29,Tues,6.26,0,0,47,50,47.8,51,67
2016,11,30,Wed,6.26,0.04,0,50,51,47.6,50,44
2016,12,1,Thurs,14.09,0.1,0,51,50,47.4,46,40
2016,12,2,Fri,6.93,0.01,0,50,46,47.2,49,49
2016,12,3,Sat,11.41,0.27,0,46,49,47,48,43
2016,12,4,Sun,13.87,0.18,0,49,48,46.8,45,42
2016,12,5,Mon,8.72,0.17,0,48,45,46.6,39,51
2016,12,6,Tues,8.05,0.24,0,45,39,46.4,40,66
2016,12,7,Wed,7.61,0,0,39,40,46.3,38,52
2016,12,8,Thurs,11.18,0,0,40,38,46.1,38,52
2016,12,9,Fri,14.32,0.06,0,38,38,46,36,34
2016,12,10,Sat,12.75,0.34,1,38,36,45.9,44,55
2016,12,11,Sun,12.3,0.18,0,36,44,45.7,42,60
2016,12,12,Mon,13.87,0.09,0,44,42,45.6,42,26
2016,12,13,Tues,8.95,0.09,0,42,42,45.5,38,60
2016,12,14,Wed,10.51,0,0,42,38,45.4,39,53
2016,12,15,Thurs,13.87,0,0,38,39,45.3,38,64
2016,12,16,Fri,6.93,0,0,39,38,45.3,34,35
2016,12,17,Sat,8.5,0,0,38,34,45.2,33,61
2016,12,18,Sun,5.37,0,0,34,33,45.2,39,32
2016,12,19,Mon,5.82,0,0,33,39,45.1,45,43
2016,12,20,Tues,10.51,0.81,0,39,45,45.1,50,56
2016,12,21,Wed,14.32,0.01,0,45,50,45.1,47,27
2016,12,22,Thurs,4.03,0,0,50,47,45.1,44,41
2016,12,23,Fri,6.71,0.3,0,47,44,45.1,39,35
2016,12,24,Sat,5.37,0.58,0,44,39,45.1,40,54
2016,12,25,Sun,2.01,0.1,0,39,40,45.1,42,34
2016,12,26,Mon,4.25,0,0,40,42,45.2,42,30
2016,12,27,Tues,8.5,0.29,0,42,42,45.2,44,27
2016,12,28,Wed,15.21,0.05,0,42,44,45.3,47,30
2016,12,29,Thurs,8.72,0,0,44,47,45.3,48,63
2016,12,30,Fri,8.5,0.05,0,47,48,45.4,45,57
2016,12,31,Sat,6.93,0.02,0,48,45,45.5,38,56
2017,1,1,Sun,8.05,0.03,0,45,38,45.6,37,27
